Country,Lat,Long,Country Code,1990,1991,1992,1993,1994,1995,1996,1997,1998,1999,2000,2001,2002,2003,2004,2005,2006,2007,2008,2009,2010,2011,2012,2013,2014,2015,2016,2017,2018,2019
Aruba,12.52111,-69.968338,AW,0,0,0,0,0,0,0,0,0,0,0,0,0,0,0,0,0,0,0,0,0,0,0,0,0,0,0,0,0,0
Afghanistan,33.93911,67.709953,AF,13.6273648648649,14.186204379562,25.3869230769231,25.8847058823529,25.9510769230769,25.81568,26.1040677966102,25.669,25.1451428571429,29.5148780487805,29.0502597402597,25.8048148148148,49.6711818181818,34.496962962963,20.1198230088496,20.1237804878049,17.0118556701031,13.0520338983051,6.76599088838269,4.52263333333333,3.12985005767013,2.51246329526917,2.94763636363636,3.49032902467685,3.47449423815621,3.53390488110138,4.31703653585927,0,0,0
Angola,-11.202692,17.873887,AO,15.9888151658768,16.6222358346095,16.7519152276295,15.1994492753623,14.525485799701,9.72877551020408,9.19160385626643,9.09716112531969,9.54645558487247,8.29060869565217,8.77471301535974,7.66917118512781,8.50787077826725,6.75982232093282,7.47087091757387,6.86681493684789,6.41815142576205,6.79074074074074,5.07356060606061,4.75426887661142,4.80707325622152,4.76734894772573,4.70345785123967,2.33517062766606,1.67307536817788,4.09877986348123,4.22517932787348,0,0,0
Albania,41.153332,20.168331,AL,7.6976694214876,6.69160583941606,8.84008928571428,7.61743961352657,4.62658878504673,2.63271794871795,2.23370558375635,2.4777027027027,1.8335,0.987744107744108,0.694069400630915,0.455527950310559,0.684506666666667,0.624549878345499,0.769300699300699,0.54058968058968,0.543259259259259,0.782061611374408,0.351750599520384,0.424421296296296,0.560458515283843,0.582063492063492,0.640524017467249,0.688997912317328,1.1239846743295,1.22956607495069,3.27277890466531,0,0,0
Andorra,42.546245,1.601554,AD,0,0,0,0,0,0,0,0,0,0,0,0,0,0,0,0,0,0,0,0,0,0,0,0,0,0,0,0,0,0
United Arab Emirates,23.424076,53.847818,AE,55.4617202166065,59.8824081300813,57.0586183769282,57.3267449718423,60.4794567286572,61.8250949889868,71.6034837092732,65.3171712707182,66.7275921288014,66.3087406976744,71.4227844807192,64.3877353002285,70.9182551977171,69.8086573939921,70.1391271140207,67.3292483660131,68.0294014490367,69.3831262814185,69.0720064020487,72.250491792849,71.835543545019,78.3294306156806,75.5227132532863,74.156659424226,72.5919990208877,69.1956323438466,67.694077509275,0,0,0
Argentina,-38.416097,-63.616672,AR,43.317906650641,44.9322398404861,45.0321946902655,36.7822921732865,37.5302838063439,46.7775292153589,45.5042944058154,48.3461058749607,46.3049275362319,50.4318391832476,52.6823720718672,51.9435380796028,53.3489656933685,53.8537059831723,58.4987966161438,56.065101831602,54.0243483297934,53.3208647558516,53.6387344632768,55.936656504065,51.742342690615,52.2742993343112,53.4696375959223,49.3669875,53.7443477294203,52.8561131710463,55.4965069459518,0,0,0
Armenia,40.069099,45.038189,AM,0,0,31.955766758494,29.9035119047619,59.0199635036496,74.5936752136752,79.4754474708171,80.2567964071856,80.5260518731988,73.2220900321543,72.1039325842697,72.6269722222222,64.2900320512821,63.7010285714286,65.8304521276596,68.7356950672646,69.9915144766147,72.3527307692308,72.5021968365554,70.3315964523282,68.1014285714286,76.0865384615385,79.8790559440559,80.4073090909091,81.3699270072993,70.6618539325843,82.6702366863905,0,0,0
American Samoa,-14.270972,-170.132217,AS,0,0,0,0,0,0,0,0,0,0,0,0,0,0,0,0,0,0,0,0,0,0,0,0,0,0,0,0,0,0
Antigua and Barbuda,17.060816,-61.796428,AG,0,0,0,0,0,0,0,0,0,0,0,0,0,0,0,0,0,0,0,0,0,0,0,0,0,0,0,0,0,0
Australia,-25.274398,133.775136,AU,12.8511934749621,11.9827547127045,12.2406416753615,12.5496060361287,12.8154853410844,13.2679903809557,12.8496164758503,12.637325683737,12.3128651651102,12.6259575426375,13.0300206605472,13.4854945500928,13.923356570036,13.3484675701014,12.8892635584636,11.7598847121864,14.1181357649443,15.7501061317695,16.8568733590734,17.0077493353589,16.8160374338454,17.7632343105996,16.9609562692796,18.2755382708888,19.6297718178869,19.6317195520919,20.607057766434,0,0,0
Austria,47.516231,14.550072,AT,20.5847897717522,20.3147805190644,21.5874198023236,22.7189048442907,23.1696019900498,24.1070186335404,24.1886394453005,23.5597041420118,24.0138317612494,25.0612260111023,23.7405493467653,23.5377013694596,22.9365907452789,23.0677249529949,23.2065949868074,24.2895461699895,23.3975384615385,22.9316184727681,24.4553075074226,26.2018022353306,26.5904674099485,25.717879009814,25.7720657349102,24.595391634981,23.8097677044685,24.9402454473476,25.9507209339012,0,0,0
Azerbaijan,40.143105,47.576927,AZ,0,0,50.6903989242492,32.3192059043348,35.0669398907104,29.0988507756172,29.0871743437345,28.0483227767925,26.9322949987306,30.1643372872615,28.5679555111222,42.8448037190083,43.6231628638867,49.6977810133955,54.6769169844529,50.6076016371078,59.9469183494293,63.9558924027626,70.1663962136579,74.7986316626889,74.463635610766,66.6633893557423,64.5301397919376,63.5037018158649,64.9788354275207,68.2333291886851,65.907195345989,0,0,0
Burundi,-3.373056,29.918886,BI,0,0,0,0,0,0,0,0,0,0,0,0,0,0,0,0,0,0,0,0,0,0,0,0,0,0,0,0,0,0
Belgium,50.503887,4.469936,BE,17.1155740554387,17.5530756405756,18.4508893438974,19.5655480882754,19.2796753698869,21.2107960199005,22.6558894935119,22.1202091906722,23.9256318566284,26.441384295732,26.1079894270123,25.50848740916,27.6422661253947,28.5581515151515,29.2665321873356,30.523523189585,31.7457910722503,32.7992972559518,31.783181520621,34.6207183706231,36.0224974171128,34.5136182902584,34.677401010952,34.339456577994,32.2164008429459,33.6038949579832,34.7221978371501,0,0,0
Benin,9.30769,2.315834,BJ,0,0,0,0,0,0,0,0,0,0,0,0,0,0,0,0,0,0,0,0,0,0,0,0,0,0,0,0,0,0
Burkina Faso,12.238333,-1.561593,BF,0,0,0,0,0,0,0,0,0,0,0,0,0,0,0,0,0,0,0,0,0,0,0,0,0,0,0,0,0,0
Bangladesh,23.684994,90.356331,BD,65.8277430555556,83.701052631579,81.3441116751269,82.7335879077168,84.7959896602659,78.7906465256798,80.3164565992866,69.9764891934634,74.4639116883117,77.7163301839881,78.031727482679,73.3826726144298,72.5646226759023,74.7745232273839,75.6941827710449,75.6493916233568,78.7741058495822,77.9249565675178,77.5643698893699,79.2645608938547,77.9581870304468,72.8750551267916,71.9930936368339,71.5906388246946,72.052526645768,68.045893430046,72.6786072687822,0,0,0
Bulgaria,42.733883,25.48583,BG,15.119645187602,16.2359068418359,15.1987937602032,14.0698976109215,14.4158594917788,17.272247211556,19.4538812204867,15.8786528011992,14.163506621862,13.8899006772009,15.4956773597969,13.5864811606756,12.6239605775842,11.9604385049071,12.1015663416702,13.4104365079365,13.5687237083929,13.1014063093881,13.3398760743554,11.5207121247382,11.7491170568562,12.1298188041071,12.4427681737589,13.7949924660974,12.8166990291262,13.3009778473932,14.7417968375659,0,0,0
Bahrain,25.930414,50.637772,BH,97.4110893854749,96.0860289855073,81.0505623471883,95.7852945677123,91.7161406133134,96.4144756277696,95.0262808750882,100.575485436893,98.5668794326241,102.53359223301,101.743085642317,72.9596522269677,73.127049941928,72.2987026726058,75.3238204127161,69.1061207729469,69.1514711111111,90.7586484137332,92.8075211949939,97.8360938131824,94.5120554272517,93.3725547445255,91.8889198343997,91.1012343532684,93.8955857048312,92.358068627451,90.0479205298013,0,0,0
Bahamas,25.03428,-77.39628,BS,0,0,0,0,0,0,0,0,0,0,0,0,0,0,0,0,0,0,0,0,0,0,0,0,0,0,0,0,0,0
Bosnia and Herzegovina,43.915886,17.679076,BA,0,0,4.9367877269881,1.99769402985075,10.2118987341772,8.37860534124629,11.2898090692124,3.32578327444052,2.99903345724907,3.13716730038023,3.28584229390681,2.1852761627907,1.93927884615385,2.49237550471063,3.74472061657033,4.27025878003697,4.07444444444444,4.07660137638962,3.6740655105973,2.11934434191355,2.19949616122841,2.19340353833193,2.18750910746812,1.71182608695652,1.78740379681888,2.07566037735849,1.8876678603402,0,0,0
Belarus,53.709807,27.953389,BY,0,0,38.6668398268398,42.3455771248688,43.1114906448121,45.7466695637059,47.4302120383037,53.4431871295512,54.0855268215971,58.1931156784285,61.631066238913,63.9775976034016,65.1021769364497,66.7526584205519,68.2179038909808,68.704309490085,67.1857252167999,69.2989468177855,67.2374597643936,58.832270979021,67.6250398568407,67.4514327335047,64.7290817862519,65.1958701818789,65.1390415335463,66.0714702131536,65.2833598985691,0,0,0
Belize,17.189877,-88.49765,BZ,0,0,0,0,0,0,0,0,0,0,0,0,0,0,0,0,0,0,0,0,1.96446428571429,1.71890625,1.06289855072464,1.4668,0.748367346938775,0.555606060606061,0.564153846153846,0,0,0
Bermuda,32.321384,-64.75737,BM,0,0,0,0,0,0,0,0,0,0,0,0,0,0,0,0,0,0,0,0,0,0,0,0,0,0,0,0,0,0
Bolivia,-16.290154,-63.588653,BO,25.3074647887324,26.1202253032929,26.7228592375367,24.055895140665,24.4196238938053,29.4858533653846,34.4119950738916,40.7001570048309,33.4757491289199,39.019459798995,67.0602625,34.2532192648923,54.7599392466586,44.680241492865,42.3534607218684,44.8269811320755,66.7683154121864,34.3857392026578,36.6418356374808,36.2734246575342,38.0841356382979,37.2495866261398,39.2634724637681,37.993755387931,37.9608130887457,38.5565017148457,40.1147061545581,0,0,0
Brazil,-14.235004,-51.92528,BR,3.74542267729244,3.54046544497514,3.73975654174255,3.96045543266103,3.96961970186782,3.92816935817805,4.04360327120578,4.19182480196085,4.25899676709314,4.63162763621848,5.76432180893594,7.16623325823007,8.93519194402421,9.44280652982059,11.047235891786,11.5820438110798,11.9986154859572,11.5438728948566,13.0506811586414,11.1610255679389,13.2507288864305,12.1125637706176,13.2536692048875,14.7322480636209,15.4102567188918,16.0930241473425,14.9614197461021,0,0,0
Barbados,13.193887,-59.543198,BB,5.23857142857143,4.49020408163265,3.10762711864407,3.7040404040404,3.56019417475728,3.08439252336449,2.74168224299065,3.13418803418803,2.59866141732283,3.38492307692308,2.95725806451613,2.22242424242424,2.14131386861314,2.12579710144928,2.15705882352941,2.06591549295775,2.49455782312925,2.4777027027027,1.85410112359551,0.714350649350649,1.84503144654088,1.97622754491018,1.65927601809955,2.97324324324324,1.98984496124031,2.55837209302326,2.51931297709924,0,0,0
Brunei,4.535277,114.727669,BN,117.213035714286,73.0145266272189,78.1408077994429,71.6344186046512,63.5081884057971,60.7907111111111,60.0266878980892,57.6345776031434,70.7875638051044,39.8206443914081,68.7872911963883,67.4693967517401,65.4340825688073,55.3193142857143,65.9612804878049,68.1666390041494,44.8978947368421,86.9036111111111,89.9989473684211,75.412866756393,89.376443148688,104.046547788873,99.8781767180926,80.1829772079772,97.2254806312769,81.8636287625418,83.3513104524181,0,0,0
Bhutan,27.514162,90.433601,BT,0,0,0,0,0,0,0,0,0,0,0,0,0,0,0,0,0,0,0,0,0,0,0,0,0,0,0,0,0,0
Botswana,-22.328474,24.684866,BW,0,0,0,0,0,0,0,0,0,0,0,0,0,0,0,0,0,0,0,0,0,0,0,0,0,0.0508599167822469,0,0,0,0
Central African Republic,6.611111,20.939444,CF,0,0,0,0,0,0,0,0,0,0,0,0,0,0,0,0,0,0,0,0,0,0,0,0,0,0,0,0,0,0
Canada,56.130366,-106.346771,CA,29.91467765795,30.7307618724723,31.3890035211268,33.5745481215104,33.9299031493551,34.194876974416,34.8315912427671,33.9649428457986,32.0512192867121,32.9092402148887,33.0243611650485,32.4745133546376,31.9699705025977,33.4834969561391,33.262710283853,33.6028872483954,33.6052996839596,31.7084362255168,32.8916970192657,34.4893742319508,33.6899585069996,34.8984959468341,34.8101606535804,35.6918696863485,36.0408082516064,35.7814677881174,39.4251794797268,0,0,0
Switzerland,46.818188,8.227512,CH,8.6237549042234,9.18556601707904,9.65295623632385,10.6507571921749,10.7108429208734,11.5733356353591,12.3649806862077,12.2919555555556,12.2233333333333,12.5829238715473,12.7518645618852,12.8458680248007,13.070578379619,13.4200423728814,13.7107575088339,13.9002093784079,13.6262752858399,13.8628433624254,14.2977112989324,14.1322670025189,15.2487502764875,14.8407113377033,15.7835554509065,16.234993100276,15.3953083312358,16.7330950550858,17.3305326937642,0,0,0
Chile,-35.675147,-71.542969,CL,8.59773429792831,7.44316644113667,8.30286122578596,7.58376470588235,7.44179197286603,6.84506666666667,6.09224693599637,8.96442246835443,12.5395565065162,16.810777385159,23.9436993175432,28.2589575934823,27.7604477305402,29.5505389701463,29.3467202631098,27.9434350323044,25.1451428571429,13.5487550200803,7.0761010989011,9.76632553158941,14.6795711417097,13.6763227409442,12.5067639189706,11.2123366288884,10.8680298468386,11.1258131023545,11.5593918291551,0,0,0
China,35.86166,104.195397,CN,1.34929321419369,1.33797818598812,1.25150944098454,1.35262005727191,1.50519609971417,1.37675798331858,1.45214099736368,1.41257999456635,1.5637495204386,1.73429118506287,1.78958819888221,1.90578983483377,1.41891359204691,1.37754498901049,1.39754423711837,1.4611612924291,1.61442618133649,1.93802577484077,2.08195610568992,2.22830645318084,2.35815091546378,2.65342471910112,2.91430261160721,3.22431090666098,3.57637507655428,3.73279048831028,4.10717929227832,0,0,0
CÃ´te d'Ivoire,7.539989,-5.54708,CI,0,0,0,0,0,2.92460122699387,22.115412371134,29.3206889352818,33.9368322981366,35.7929895366218,38.2341232227488,41.9420447284345,41.9578369905956,45.6416893203884,55.1403136531365,57.4349397590361,55.6888987566607,52.0647927927928,47.7978459119497,46.9969645868465,48.8736816720257,50.0156761268781,41.410608365019,44.3420921985816,42.2359821428571,40.3907008368201,46.3096459227468,0,0,0
Cameroon,7.369722,12.354722,CM,0,0,0,0,0,0,0,0,0,0,0,0,0,0,0,0,0,8.44493842364532,8.66501827040195,6.71657565415245,6.60794215795328,5.3371643663739,7.21973087818697,7.96092265943012,10.9773419354839,11.7655305867665,11.9231111111111,0,0,0
Congo [DRC],-4.038333,21.758664,CD,0,0,0,0,0,0,0,0,0,0,0,0,0,0,0,0,1.375125,2.51451428571429,2.3531550802139,2.291875,2.13611650485437,1.74619047619048,0,0,0.0765553235908142,0.126885813148789,0,0,0,0
Congo [Republic],-0.228021,15.827659,CG,0.436547619047619,0.119058441558442,3.41116279069767,6.74531772575251,7.25485611510791,6.88344709897611,7.20303571428571,7.57553892215569,7.83352941176471,9.3228813559322,8.33409090909091,0,0,1.12255102040816,1.28216783216783,0.912946058091286,0.888969696969697,0.786296296296296,0.881164510166359,1.95483455882353,3.90263052208835,5.80985596707819,8.5692,14.48465,12.8524754901961,15.2436337209302,14.5585373134328,0,0,0
Colombia,4.570868,-74.297333,CO,17.1491915677446,17.2040154211151,15.7334354444653,15.5081624238078,15.9208754208754,14.057040298002,17.4034511469839,19.6007752791319,20.334713683882,20.0644693037408,21.4653658536585,22.6620099043716,23.4914141414141,22.6552784719743,23.7617947349698,24.2081523053013,24.3323111573112,23.7280114884271,29.2198783333333,31.9464660101652,34.0223670377242,30.1343370047204,32.6059894721866,29.7263170073274,28.4190202956652,28.5331790694804,26.1584586914995,0,0,0
Comoros,-11.875001,43.872219,KM,0,0,0,0,0,0,0,0,0,0,0,0,0,0,0,0,0,0,0,0,0,0,0,0,0,0,0,0,0,0
Cape Verde,16.002082,-24.013197,CV,0,0,0,0,0,0,0,0,0,0,0,0,0,0,0,0,0,0,0,0,0,0,0,0,0,0,0,0,0,0
Costa Rica,9.748917,-83.753428,CR,0,0,0,0,0,0,0,0,0,0,0,0,0,0,0,0,0,0,0,0,0,0,0,0,0,0,0,0,0,0
Cuba,21.521757,-77.781167,CU,0.196760802033324,0.254002916514765,0.182602987777275,0.219034345445495,0.169689958352615,0.142993934142114,0.146504194966041,0.25428102189781,0.857220779220779,3.17551922385914,3.91406737588652,4.20781169547628,4.32242681047766,5.01432818073722,5.4189947937525,5.51609822119103,7.91960456273764,8.60127205882353,8.47410110224249,8.18647601476015,6.81048909451421,6.86117028731605,6.88912998266898,7.4814844606947,8.58088913690476,8.69728628592215,8.00424253075571,0,0,0
Cayman Islands,19.513469,-80.566956,KY,0,0,0,0,0,0,0,0,0,0,0,0,0,0,0,0,0,0,0,0,0,0,0,0,0,0,0,0,0,0
Cyprus,35.126413,33.429859,CY,0,0,0,0,0,0,0,0,0,0,0,0,0,0,0,0,0,0,0,0,0,0,0,0,0,0,0,0,0,0
Czech Republic,49.817492,15.472962,CZ,0,0,9.90150141643059,10.3643563902886,10.6325651511507,11.9870298769772,13.6246670348745,14.075590992868,14.8012108980827,15.8078981688254,13.9451392384509,14.9913127444589,14.99841052898,14.6297678585974,14.4493583927414,14.7016141666667,14.4217089552239,13.4097767532152,13.8856901360832,14.0188450121436,16.2219608531554,14.0527581546225,14.6515760007465,15.4897906931464,14.1937714285714,14.7035878391761,15.622004666537,0,0,0
Germany,51.165691,10.451526,DE,0,14.1870742301876,14.5903676281154,15.424377402735,16.0013860312168,17.6539659141669,19.0943970091387,18.9211136755081,19.2985465857219,19.7868829423412,19.8255139263685,20.4278942772861,20.7737103627067,20.7733106210029,21.2578156256472,22.2080764675817,22.3071029036062,22.3581239152629,22.3833066936863,22.6740454087605,22.4919960668633,21.3560325839385,21.0403063077287,21.5305332870388,19.6812423219298,20.1027735043311,21.5592998728502,0,0,0
Djibouti,11.825138,42.590275,DJ,0,0,0,0,0,0,0,0,0,0,0,0,0,0,0,0,0,0,0,0,0,0,0,0,0,0,0,0,0,0
Dominica,15.414999,-61.370976,DM,0,0,0,0,0,0,0,0,0,0,0,0,0,0,0,0,0,0,0,0,0,0,0,0,0,0,0,0,0,0
Denmark,56.26392,9.501785,DK,7.99163786482335,7.51170891120676,8.68990878793194,9.462826783606,9.9233581262858,12.1172563417891,11.6713656207367,14.133948524796,16.3768932038835,18.0581724016854,19.3333200531209,19.6935264623955,19.6325120414968,17.9889400067408,19.6925180924105,20.045585836483,17.8467806218863,17.4216835205993,18.6130247406225,18.6297995406139,21.021697799917,19.7604409375725,20.8829939806333,18.9953901950975,17.9555844519016,19.4481964285714,18.6355737704918,0,0,0
Dominican Republic,18.735693,-70.162651,DO,0,0,0,0,0,0,0,0,0,0,0,0,0,3.03624465811966,1.38176811594203,2.53506430868167,2.90544783464567,4.88220602526725,4.51680136319377,5.06244014263882,7.24872093023256,8.04736942980355,9.20139094269871,9.59459764705882,9.40829737335835,8.64755223880597,7.82573180703189,0,0,0
Algeria,28.033886,1.659626,DZ,57.3573029901311,57.4536838960263,48.3039676541717,49.1728378930176,52.2963913347309,64.6958193018481,70.87,53.602748867225,73.3645975315267,65.726033015218,50.5699783687492,54.9191734652936,55.577327446835,52.5556679389313,48.5837542702321,68.8402090122486,52.6366069333333,50.8535415837644,49.6115232233869,48.7177387603086,47.2068720169701,48.0521643812426,50.6702724257738,50.422308521284,53.2337129889777,54.0064163869288,54.9295367980467,0,0,0
Ecuador,-1.831239,-78.183406,EC,3.26739102564103,3.7214603960396,2.70603718768158,3.31711276332094,2.84230182031709,2.35444388270981,2.20117830146732,1.91524840764331,1.97622754491018,2.08834942084942,2.21358446420215,2.05114005123826,2.02081390419669,3.88738731218698,4.47195121951219,3.29557274401473,2.62018550326348,3.01244421906694,2.56738441215324,4.14982732038236,4.20144011544012,6.77620281690141,7.19785148785149,7.05871924930256,7.95703398058252,7.04222495088409,7.68932581389387,0,0,0
Egypt,26.820553,30.802498,EG,15.0025155494126,16.6879471976731,17.4768504875406,20.1738908853316,23.3435543214162,28.3357276586481,28.6554242017154,24.1268564832628,24.0819913974558,27.6008345687625,36.1078956228956,34.713445324374,41.5013457022076,44.3929411764706,40.4169241011984,42.766824210723,43.6904848341512,44.556172968227,44.0885395516074,41.8715913857486,41.7384844783715,46.0080179554586,43.7809519325832,42.9939761440859,37.7414105700438,37.2737282584643,40.5633270644555,0,0,0
Eritrea,15.179384,39.782334,ER,0,0,0,0,0,0,0,0,0,0,0,0,0,0,0,0,0,0,0,0,0,0,0,0,0,0,0,0,0,0
Spain,40.463667,-3.74922,ES,5.29363222025858,5.7708919490572,5.76833232966277,6.03068589243959,6.31283857130351,7.351376257378,8.60254932637983,10.4179321024898,10.3775727890094,10.9360425424886,11.8845255872626,12.7416401506157,13.7323434052758,15.347636666039,17.1810030992967,19.5015349500713,20.9303750950904,20.5237445020864,24.6653714215202,24.8752422692963,26.0923992680695,24.1522197521866,24.3045823894233,24.6797557660626,22.4941596115538,21.9293124707351,23.2150803546128,0,0,0
Estonia,58.595272,25.013607,EE,0,0,6.90839360807401,4.44363537117904,6.54235458612975,8.22420209488601,8.54425915165601,8.49750445632799,8.34434194341943,8.685,10.2191025641026,10.6484499672989,9.17983849259758,9.26010101010101,10.4895271867612,10.6882768691589,11.6540906230334,9.27372292191436,9.64366867140514,8.03994652406417,6.81735699152542,6.37915789473684,7.45200834326579,6.63079207920792,5.59721661054994,5.82139232270657,6.25615974440895,0,0,0
Ethiopia,9.145,40.489673,ET,0,0,0,0,0,0,0,0,0,0,0,0,0,0,0,0,0,0,0,0,0,0,0,0,0,0,0,0,0,0
Finland,61.92411,25.748151,FI,9.16077895894428,9.58488481770361,10.4791469013007,10.6388271604938,10.4937510428834,11.5913549652344,10.8597586702893,10.9792230287034,13.3374559105989,13.5298088833835,14.2620344827586,13.9320788999836,13.329290668348,13.0756087017152,13.3990706264775,14.8967742517129,13.279333034915,13.1302258064516,15.6103141546064,14.7275599852344,14.0569310730849,13.9641382438316,13.9302954867436,13.0343255628611,12.4722487001733,11.9635660906119,10.316696565303,0,0,0
Fiji,-16.578193,179.414413,FJ,0,0,0,0,0,0,0,0,0,0,0,0,0,0,0,0,0,0,0,0,0.316120689655172,0,0,0,0,0,0,0,0,0
France,46.227638,2.213749,FR,16.7223181129747,17.1574257269694,17.6804982911083,19.0730581066003,18.4733853924756,19.2291617463381,20.345093216654,19.9850172634627,20.0762429823181,20.8070469333333,21.9475707319687,22.8197431406888,23.1300493035536,23.8962209425751,24.3295917449398,24.6739162859094,24.4206805705059,24.2890375024111,25.5014201166913,25.6161085262301,28.0015298614704,25.4369058255629,26.0265087860137,26.5392629890384,24.5140991035366,0,0,0,0,0
Faroe Islands,61.892635,-6.911806,FO,0,0,0,0,0,0,0,0,0,0,0,0,0,0,0,0,0,0,0,0,0,0,0,0,0,0,0,0,0,0
Micronesia,7.425554,150.550812,FM,0,0,0,0,0,0,0,0,0,0,0,0,0,0,0,0,0,0,0,0,0,0,0,0,0,0,0,0,0,0
Gabon,-0.803689,11.609444,GA,4.97220338983051,4.80503448275862,4.29540130151844,4.3691914893617,4.37727477477477,5.56811279826464,5.12758474576271,5.16265010351967,4.68602434077079,4.79296680497925,5.02543897216274,5.36438864628821,5.92817551963049,6.18127562642369,6.04268623024831,6.0192656587473,7.17061881188119,7.69617283950617,8.43498789346247,11.001,12.9920964360587,12.3533687943262,12.2652658662093,12.352,18.5350181818182,18.6026642335766,17.9175656742557,0,0,0
United Kingdom,55.378051,-3.435973,GB,19.420232804613,20.4316593610829,21.0047786538392,24.4821706874861,25.7605739741123,28.4468946575369,31.9423398083208,33.4209283403213,34.6270738814925,36.9171062102764,37.7601667546971,36.4484228989127,37.0849520019614,36.2857659386069,37.0594733736539,36.2114554199038,34.277418580607,35.4759866580996,37.7998759744173,38.4588766339869,40.3203314722182,36.2516639665182,32.5522011218635,33.2552043879398,33.0918353621791,35.2979776207009,41.9543358230621,0,0,0
Georgia,42.315407,43.356892,GE,0,0,45.1660388639761,42.8918210068365,43.8354022988506,20.6661002444988,22.8322641509434,31.7540942028986,34.9797995991984,34.9663053097345,45.7414046121593,52.8173011363636,52.5272972972973,55.9333544303797,70.7284866468843,65.9022169811321,77.5531489361702,58.4244937833037,51.2167768595041,44.238896797153,43.7007142857143,52.9802760736196,52.4804311543811,45.0423596938776,49.5716056670602,50.182097826087,44.878,0,0,0
Ghana,7.946527,-1.023194,GH,0,0,0,0,0,0,0,0,0,0,0,0,0,0,0,0,0,0,0,0.110562814070352,7.26822421524664,12.9741523341523,5.64748945147679,4.00658227848101,8.90593597773139,16.1415862524785,10.0576116229624,0,0,0
Gibraltar,36.137741,-5.345374,GI,0,0,0,0,0,0,0,0,0,0,0,0,0,0,0,0,0,0,0,0,0,0,0,0,0,0,0,0,0,0
Guinea,9.945587,-9.696645,GN,0,0,0,0,0,0,0,0,0,0,0,0,0,0,0,0,0,0,0,0,0,0,0,0,0,0,0,0,0,0
Gambia,13.443182,-15.310139,GM,0,0,0,0,0,0,0,0,0,0,0,0,1.22233333333333,1.22233333333333,1.1459375,1.07852941176471,1.01861111111111,0.91675,0.852790697674419,0.763958333333333,0.833409090909091,0.814888888888889,0.797173913043478,0.833409090909091,0.705192307692308,0.69188679245283,0.69188679245283,0,0,0
Guinea-Bissau,11.803749,-15.180413,GW,0,0,0,0,0,0,0,0,0,0,0,0,0,0,0,0,0,0,0,0,0,0,0,0,0,0,0,0,0,0
Equatorial Guinea,1.650801,10.267895,GQ,0,0,0,0,0,0,0,0,0,0,0,59.3704761904762,56.8703473945409,50.3857170542636,47.5445517241379,54.1664400494438,46.7582532751092,45.1696688741722,52.6773942093541,46.6156935817805,48.4182668067227,54.8728218331617,51.3233466533466,52.122385026738,54.4384054388134,49.2528431372549,60.7674285714286,0,0,0
Greece,39.074208,21.824312,GR,0.417035175879397,0.41109865470852,0.370546175492453,0.272360097323601,0.137978176345165,0.119518348623853,0.137357419043016,0.468444364851958,1.90652014231608,3.19289130434783,4.13440080457336,3.98925266535555,4.27057453416149,4.63223109159848,5.11213219829745,5.28738597351643,6.24883018867925,7.386029143898,7.99793845234538,7.18382098374499,8.45779858415163,10.7602921348315,10.4712560869022,10.2248992825607,8.18286700215672,9.0151801205705,11.9582049364248,0,0,0
Grenada,12.262776,-61.604171,GD,0,0,0,0,0,0,0,0,0,0,0,0,0,0,0,0,0,0,0,0,0,0,0,0,0,0,0,0,0,0
Greenland,71.706936,-42.604303,GL,0,0,0,0,0,0,0,0,0,0,0,0,0,0,0,0,0,0,0,0,0,0,0,0,0,0,0,0,0,0
Guatemala,15.783471,-90.230759,GT,0.466539440203562,0.363970223325062,0.379606625258799,0.35880626223092,0.337661141804788,0.346488188976378,0.355444264943457,0.335908396946565,0,0,0,0,0,0,0,0,0,0,0,0,0,0,0,0,0,0,0,0,0,0
Guam,13.444304,144.793731,GU,0,0,0,0,0,0,0,0,0,0,0,0,0,0,0,0,0,0,0,0,0,0,0,0,0,0,0,0,0,0
Guyana,4.860416,-58.93018,GY,0,0,0,0,0,0,0,0,0,0,0,0,0,0,0,0,0,0,0,0,0,0,0,0,0,0,0,0,0,0
Hong Kong,22.396428,114.109497,HK,0,0,0,0,0,0,0,0,0,0,0,0,0,0,0,0,0,0,0,0,0,0,0,0,0,0,0,0,0,0
Honduras,15.199999,-86.241905,HN,0,0,0,0,0,0,0,0,0,0,0,0,0,0,0,0,0,0,0,0,0,0,0,0,0,0,0,0,0,0
Croatia,45.1,15.2,HR,0,0,32.2578342245989,32.8822659780503,32.318064733648,28.7645194805195,32.3671316818774,30.1747859237537,26.7827991337304,27.1013290113452,28.0357894736842,27.61709375,26.7611439842209,24.9783618695049,26.6643533870204,25.2778761061947,24.8989639222942,27.0259021406728,27.1398482060718,27.087436023622,30.9791778006166,30.9114233193277,31.6504524627721,30.6659330985916,28.2991860465116,28.5797362110312,29.3533175914994,0,0,0
Haiti,18.971187,-72.285215,HT,0,0,0,0,0,0,0,0,0,0,0,0,0,0,0,0,0,0,0,0,0,0,0,0,0,0,0,0,0,0
Hungary,47.162494,19.503304,HU,30.2791293384752,31.3583888458559,30.682674137931,32.8007434052758,33.4713707165109,36.5869928608741,40.1074204584331,39.0185786980172,39.0422005231038,39.1712346744949,40.4826597107816,43.5741207815275,44.5076110012583,46.752203331616,47.5689040610037,49.500568263045,47.3152758745041,45.5209097660602,45.6110352630586,43.8139046822742,46.9556746031746,45.6674781496483,44.1762468339857,43.2914720314033,39.3595545163672,39.5440894421392,41.3361915467626,0,0,0
Indonesia,-0.789275,113.921327,ID,29.798866139604,26.8975265694513,30.6688303785618,31.1125614621523,30.6498857462042,29.001619098905,33.7158192596384,31.865485698762,18.4066156084859,30.0087017455823,17.3579448192169,20.2806980750754,19.5427161340914,18.6996553060799,18.048615806038,15.8232540650406,15.7849192529525,15.0335612400653,16.0036287714089,16.374104540039,17.6982397946947,16.9879045081797,16.4617600410889,14.2645912572636,12.747137026834,19.218056393122,18.4372356458847,0,0,0
Isle of Man,54.236107,-4.548056,IM,0,0,0,0,0,0,0,0,0,0,0,0,0,0,0,0,0,0,0,0,0,0,0,0,0,0,0,0,0,0
India,20.593684,78.96288,IN,3.7538376475608,3.88291187802549,4.3281840827595,4.14094992873236,4.21895559270296,5.27363189852921,5.12148727984344,5.60709779909432,5.6719014562471,4.6842884004911,4.67028920301648,4.57125602801191,4.7767954391259,4.9246356396854,4.56456654310654,4.43685921212228,4.07514910438542,3.94721907042886,4.43141760541619,5.81729141297903,6.02399066840408,5.19332002498864,4.09474653798394,5.18016117469405,4.3378598604501,4.60391643645766,4.38925428712762,0,0,0
Ireland,53.41291,-8.24389,IE,13.8399677419355,13.9534528721041,13.7672111427667,15.5720334174023,15.2652385293224,15.9501372315036,17.3600686106346,17.5589958506224,16.5949056115852,17.0422641509434,18.4640591271703,18.2737608550434,19.1343460490463,18.9154839439168,18.612926883638,16.9867229585293,18.852721188036,20.6434474691621,22.2551693635383,23.779180887372,26.4442776273689,25.999796479648,24.8288517520216,24.6382978723404,23.9824894514768,23.2372208705055,25.0939886334281,0,0,0
Iran,32.427908,53.688046,IR,22.3428403258201,22.813669315937,22.5754597257926,26.2626202006226,28.0830591928938,29.9713979441997,29.0151505852127,31.2237984283312,33.7171652494621,35.0421445421402,35.3764610418195,36.3973334093046,39.0359668583207,40.5953081806082,42.6592032593934,44.3981699911348,45.1782888114595,45.1965066636117,46.2616399857702,47.3817922492429,50.3637544700394,52.2498376444199,51.2174189312229,49.8202749459897,54.9038177739204,59.2901589093868,62.8988325409403,0,0,0
Iraq,33.223191,43.679291,IQ,5.69416962220509,7.55039769082745,6.46989612702181,5.51888250535091,6.10737691767773,6.33807180020812,6.3394074526573,5.06077036013473,6.7749017922907,9.20581024609194,7.90246613919807,6.12471648873072,5.41668681526256,4.04957269700333,2.48395537255944,14.1102402810835,14.267598045059,15.5399006066865,17.7383240353324,15.5451878720238,12.3341495467022,10.6234694344807,8.668859475833,8.04010335281452,7.48863776356314,8.01273074788828,8.29569654772266,0,0,0
Iceland,64.963051,-19.020835,IS,0,0,0,0,0,0,0,0,0,0,0,0,0,0,0,0,0,0,0,0,0,0,0,0,0,0,0,0,0,0
Israel,31.046051,34.851612,IL,0.195284023668639,0.138096755504056,0.129329896907216,0.117706172839506,0.101485239852399,0.0940859525336754,0.0602011081469321,0.0575554247596625,0.0427223300970874,0.0346073990184975,0.0321666666666667,0.0316393442622951,0.0240144073346431,0.0233232628398792,3.45450443318556,4.93021806853583,6.6180429037774,7.64899083946538,10.5281934032984,11.9127282410225,14.3070727556375,13.3927957605271,6.33504864580594,19.6211865671642,22.2706073249884,23.8460341699425,27.6401670242109,0,0,0
Italy,41.87194,12.56738,IT,22.0412705423679,23.5082950973841,23.4074691127849,24.2055443025219,23.6664472711514,24.55909010134,25.5991566177363,26.1743244609164,27.4631526608345,29.3920623080298,30.4151721292689,30.4795173740752,29.8026955600153,31.5257273907399,32.0071713130543,34.150161239263,33.9597282760099,34.6663493480201,35.7816396242528,36.8602488288924,38.4615611814346,36.8437870881545,37.2987676177837,37.9369646413624,35.4618125744298,0,0,0,0,0
Jamaica,18.109581,-77.297508,JM,0,0,0,0,0,0,0,0,0,0,0,0,0,0,0,0,0,0,0,0,0,0,0,0,0,0,0,0,0,0
Jordan,30.585164,36.238414,JO,2.32649546827795,2.2871881390593,2.06114932885906,2.37453278688525,3.69805234795997,3.18166176470588,3.01397260273973,3.2153235908142,3.21270362765229,3.18324675324675,2.72714812538414,2.91103384615385,2.54320687611144,2.81751010976314,14.7429978471475,15.9450830397584,22.7437630143778,26.1332432432432,31.1905747126437,34.2028509196515,25.941301980198,9.62675818882466,6.26369817578773,7.85785714285714,2.42173896053146,15.8045386435331,28.0998994368463,0,0,0
Japan,36.204824,138.252924,JP,9.24872336530717,9.62070944051517,9.73856649395509,10.0559459654309,10.2359669458442,10.382313542919,10.8473930013572,11.4258945987615,12.1250064088398,12.4519920404155,12.7063975654085,12.9940396542003,12.6157657605409,13.4228644162595,13.3331416327441,13.3309476693414,14.9010963150908,15.5000390586777,16.5224024249323,16.7687470146475,17.0138928966854,18.8515449153172,19.1742792001405,19.09550479816,20.0190627305668,19.4259441388066,19.8837995031544,0,0,0
Kazakhstan,48.019573,66.923684,KZ,0,0,13.3454989243106,11.0690162583009,9.49013465265735,13.3962007189239,11.9819653102068,12.7149270562259,12.3837223756906,13.6849649048626,17.6571102197419,18.6021498167516,18.745597727647,20.1348701393984,21.0641346025829,24.5617682176268,23.854525830975,28.6169879964042,27.0872143442093,29.8754020174322,29.7959126895379,30.5151814690945,26.1529425649095,27.0568924085199,34.7313482434342,30.4341124661247,29.5043709084387,0,0,0
Kenya,-0.023559,37.906193,KE,0,0,0,0,0,0,0,0,0,0,0,0,0,0,0,0,0,0,0,0,0,0,0,0,0,0,0,0,0,0
Kyrgyzstan,41.20438,74.766098,KG,0,0,22.2942971014493,22.9232838773492,26.2008549618321,37.6266086956522,35.0811785095321,29.2586643233743,32.4131177446103,24.0383716075157,28.1110492505353,33.8065994962217,34.2351710261569,25.1245259391771,27.5684532374101,26.7068301886792,27.7782142857143,22.784142194745,19.0430093209055,9.22174556213018,8.8931968503937,8.37346456692913,8.12863817097415,6.68504264392324,5.32489186405767,5.10594936708861,5.63281443298969,0,0,0
Cambodia,12.565679,104.990963,KH,0,0,0,0,0,0,0,0,0,0,0,0,0,0,0,0,0,0,0,0,0,0,0,0,0,0,0,0,0,0
Kiribati,-3.370417,-168.734039,KI,0,0,0,0,0,0,0,0,0,0,0,0,0,0,0,0,0,0,0,0,0,0,0,0,0,0,0,0,0,0
Saint Kitts and Nevis,17.357822,-62.782998,KN,0,0,0,0,0,0,0,0,0,0,0,0,0,0,0,0,0,0,0,0,0,0,0,0,0,0,0,0,0,0
South Korea,35.907757,127.766922,KR,2.50400561685055,2.63476974164356,3.13826170622194,3.62849217769341,4.45151770800895,4.96076943092816,6.1137592936803,7.09241823081212,7.82397626275057,8.68870653963187,8.54927867629309,9.12307702116807,10.5158135255661,10.8484352467661,11.9440292843885,13.0599829195134,13.5025485686121,14.2314697906281,14.1995409107738,13.8244483145854,15.4091138160415,15.9470818195516,17.1993173166823,18.2484852084867,16.8594392491468,14.8582092628316,15.390806630014,0,0,0
Kuwait,29.31166,47.481766,KW,47.8026358974359,4.02087832167832,32.3990047805302,51.9345454545455,43.243437037037,52.7375355029586,54.2479993928355,52.2964816446402,45.1089721734771,37.6594946261148,43.8920542717829,39.8593231011413,34.0256939501779,38.0542710767571,38.2973121533031,37.9895747211896,37.6858332137218,37.182121035787,36.5392333013304,32.1448907249467,35.9811194888179,40.5195367175949,41.5833149898313,40.5752732817265,41.0486384302465,44.4088527941845,46.3148464619493,0,0,0
Laos,19.85627,102.495496,LA,0,0,0,0,0,0,0,0,0,0,0,0,0,0,0,0,0,0,0,0,0,0,0,0,0,0,0,0,0,0
Lebanon,33.854721,35.862285,LB,0,0,0,0,0,0,0,0,0,0,0,0,0,0,0,0,0,0,0,0.434954379562044,2.3182183908046,0,0,0,0,0,0,0,0,0
Liberia,6.428055,-9.429499,LR,0,0,0,0,0,0,0,0,0,0,0,0,0,0,0,0,0,0,0,0,0,0,0,0,0,0,0,0,0,0
Libya,26.3351,17.228331,LY,25.7167553338875,27.8546728691477,30.4373102310231,28.8698962386511,25.5801587301587,24.1988743664977,24.7848248730964,26.1888212634823,25.5587142857143,20.8400446663163,23.8396388261851,24.3404537774559,23.9448371559633,23.8752506775068,28.3025653989888,22.4886444127824,24.4293356289245,26.1736184921149,24.4514163590441,20.893926779409,23.079737899703,26.7435611038108,20.4945334608031,24.1532533187852,18.6175494137353,23.6679513372957,18.6789155920281,0,0,0
Saint Lucia,13.909444,-60.978893,LC,0,0,0,0,0,0,0,0,0,0,0,0,0,0,0,0,0,0,0,0,0,0,0,0,0,0,0,0,0,0
Liechtenstein,47.166,9.555373,LI,0,0,0,0,0,0,0,0,0,0,0,0,0,0,0,0,0,34.8365,31.6695454545455,26.1928571428571,30.88,28.5211111111111,28.95,28.95,29.794375,32.08625,34.2253333333333,0,0,0
Sri Lanka,7.873054,80.771797,LK,0,0,0,0,0,0,0,0,0,0,0,0,0,0,0,0,0,0,0,0,0,0,0,0,0,0,0,0,0,0
Lesotho,-29.609988,28.233608,LS,0,0,0,0,0,0,0,0,0,0,0,0,0,0,0,0,0,0,0,0,0,0,0,0,0,0,0,0,0,0
Lithuania,55.169438,23.881275,LT,0,0,28.7597047047047,22.6916010165184,26.7658811613774,33.8143304221252,34.8919044272663,32.9292385057471,27.2968388851122,34.1255510204082,45.5670980019029,44.0697757847534,44.2850713012478,48.0008014247551,45.1370445004198,44.2155027279813,43.1759677419355,50.1332475397426,45.5146018376723,42.7241573994867,45.2845396825397,52.5892398648649,50.963000838223,43.7580229479259,43.5245211786372,42.7651038843722,37.6522321428571,0,0,0
Luxembourg,49.815273,6.129583,LU,8.68159010600707,8.685,9.31149214659686,9.48958011996572,10.3176660516605,14.701797235023,15.990799086758,17.3373276904474,19.083860342556,18.911572327044,17.9076107226107,18.6960831509847,24.8193292682927,24.0892592592593,23.4524743150685,22.5732412060302,23.9885519591141,23.6017863554758,22.686240942029,24.3648661567878,24.7671699819168,21.6396614821592,22.502825070159,20.0872118226601,20.026,19.278860898138,18.335,0,0,0
Latvia,56.879635,24.603189,LV,0,0,28.2965354330709,22.1392006802721,18.5502837573386,25.7097444444444,22.2217758046615,28.5879835873388,29.0924354243542,30.0159735099338,36.0879365079365,39.5099320652174,40.2621632653061,40.6317127799736,40.0386351706037,40.28,39.3084512195122,36.4980422039859,37.6647472256473,38.1647010869565,39.2954342723005,37.3662658227848,36.6215587846764,37.0145503355705,34.0507142857143,34.3656010928962,35.4391188811189,0,0,0
Macau,22.198745,113.543873,MO,0,0,0,0,0,0,0,0,0,0,0,0,0,0,0,0,0,0,0,0,0,0,0,0,0,0,0,0,0,0
Morocco,31.791702,-7.09262,MA,0.506258628624022,0.31275053304904,0.188721298495645,0.183491147036182,0.15643085673658,0.0879075342465753,0.114236760124611,0.217626112759644,0.212579710144928,0.236217791411043,0.264367677981376,0.228442578548212,0.220384112882153,0.211133211201256,0.234785392459094,1.9534254888739,2.37374539943711,2.60446888749214,2.22153846153846,2.39436090225564,2.4328214685054,2.83638864855511,3.98706234413965,3.93594608171467,3.67539404839765,3.6815170229612,3.74954819277108,0,0,0
Monaco,43.750298,7.412841,MC,0,0,0,0,0,0,0,0,0,0,0,0,0,0,0,0,0,0,0,0,0,0,0,0,0,0,0,0,0,0
Moldova,47.411631,28.369885,MD,0,0,34.4503100393701,29.9931533601379,35.5548585572843,48.2992833607908,64.4898365384615,36.2106680584551,36.0764971098266,35.472612244898,26.1225931445604,27.3719088319088,26.8130222841226,26.4760231660232,27.0547300771208,28.914608801956,29.5933333333333,26.7591891891892,25.0615828220859,24.5746596858639,23.9017710843374,22.9681556886228,22.4344717444717,24.0040389972145,22.734448767834,20.9869451371571,21.218144963145,0,0,0
Madagascar,-18.766947,46.869107,MG,0,0,0,0,0,0,0,0,0,0,0,0,0,0,0,0,0,0,0,0,0,0,0,0,0,0,0,0,0,0
Maldives,3.202778,73.22068,MV,0,0,0,0,0,0,0,0,0,0,0,0,0,0,0,0,0,0,0,0,0,0,0,0,0,0,0,0,0,0
Mexico,23.634501,-102.552784,MX,19.7856361598805,19.3334596295002,19.2082157647708,18.3197629890636,17.4699398736119,18.5850336030275,19.2582725098135,18.8489869140681,19.0681641295026,19.3802582739202,21.1371343112776,21.6728169087679,23.7297556207234,25.0581336609337,25.5279649436249,24.4229205115752,26.246558004047,25.3821649618304,24.8558094719424,26.7528361053361,26.4902315861304,27.1982890469062,28.2575109733519,30.3054690758949,30.244429001571,31.3377619077848,31.6284010432968,0,0,0
Marshall Islands,7.131474,171.184478,MH,0,0,0,0,0,0,0,0,0,0,0,0,0,0,0,0,0,0,0,0,0,0,0,0,0,0,0,0,0,0
Macedonia [FYROM],41.608635,21.745275,MK,0,0,0,0,0,0,0,0,0.408269230769231,0.842527352297593,1.41358276643991,1.83553948832036,2.04447212336892,1.63243213897937,1.52106502242152,1.52791666666667,1.64369263607257,1.98115188583078,2.33493736951983,1.63705357142857,2.52027491408935,2.62471991701245,2.85166484118291,3.60469660194175,3.2522236503856,3.08851604278075,4.9124898511502,0,0,0
Mali,17.570692,-3.996166,ML,0,0,0,0,0,0,0,0,0,0,0,0,0,0,0,0,0,0,0,0,0,0,0,0,0,0,0,0,0,0
Malta,35.937496,14.375416,MT,0,0,0,0,0,0,0,0,0,0,0,0,0,0,0,0,0,0,0,0,0,0,0,0,0,0,0,0,0,0
Myanmar [Burma],21.913965,95.956223,MM,41.5710023866348,39.8741747572816,37.6957342657343,41.4729313929314,44.1338053097345,40.2101873198847,41.4355950752394,45.1167448275862,39.8687737041719,32.9786615044248,28.5720416666667,26.1559224441833,27.3176275207592,28.1350321987121,49.1259372026641,49.2794494584837,60.1589128305583,58.6650285171103,45.4835865504359,71.1292267365662,50.044806763285,64.1083916083916,30.3561662425785,30.9495879323032,28.3632981220657,57.1172382956339,36.938031064413,0,0,0
Montenegro,42.708678,19.37439,ME,0,0,0,0,0,0,0,0,0,0,0,0,0,0,0,0,0,0,0,0,0,0,0,0,0,0,0,0,0,0
Mongolia,46.862496,103.846656,MN,0,0,0,0,0,0,0,0,0,0,0,0,0,0,0,0,0,0,0,0,0,0,0,0,0,0,0,0,0,0
Northern Mariana Islands,17.33083,145.38469,MP,0,0,0,0,0,0,0,0,0,0,0,0,0,0,0,0,0,0,0,0,0,0,0,0,0,0,0,0,0,0
Mozambique,-18.665695,35.529562,MZ,0,0,0,0,0,0,0,0,0,0,0,0.260070921985816,0.233566878980892,0.191989528795811,0.383979057591623,8.14888888888889,8.67462365591398,3.12434977578475,5.23857142857143,5.9899203187251,5.66227941176471,5.7296875,5.61397394136808,10.2803179190751,29.6969574944072,30.8834219858156,22.8,0,0,0
Mauritania,21.00789,-10.940835,MR,0,0,0,0,0,0,0,0,0,0,0,0,0,0,0,0,0,0,0,0,0,0,0,0,0,0,0,0,0,0
Mauritius,-20.348404,57.552152,MU,0,0,0,0,0,0,0,0,0,0,0,0,0,0,0,0,0,0,0,0,0,0,0,0,0,0,0,0,0,0
Malawi,-13.254308,34.301525,MW,0,0,0,0,0,0,0,0,0,0,0,0,0,0,0,0,0,0,0,0,0,0,0,0,0,0,0,0,0,0
Malaysia,4.210484,101.975766,MY,12.1776508275494,21.0072256434549,23.2575228691738,30.9678381795196,29.1026454545455,50.1217870767764,37.9075310834814,34.6057473170732,34.9083880046584,33.9743516365588,40.8660246609125,38.353516604875,35.9894814054133,43.065129685001,37.6364094748206,38.538647316868,40.3076945795691,34.7736115535733,36.1412723114404,36.1817959341509,30.5647792677415,32.1496638072098,32.6364443132625,34.2911709580566,33.8700505006906,33.2292801548054,32.1840837123863,0,0,0
New Caledonia,-20.904305,165.618042,NC,0,0,0,0,0,0,0,0,0,0,0,0,0,0,0,0,0,0,0,0,0,0,0,0,0,0,0,0,0,0
Niger,17.607789,8.081666,NE,0,0,0,0,0,0,0,0,0,0,0,0,0,0,0,0,0,0,0,0,0,0,0,0,0,0,0,0,0,0
Nigeria,9.081999,8.675277,NG,11.0307251289609,12.0777596929999,11.111349537037,12.4246179362635,12.7636917918788,12.3537515329899,11.7101720578114,12.7778752693321,14.4019702505219,15.5599464237878,17.3395543578283,13.643048737522,13.8188537916618,22.6809821831304,23.1571691300914,20.9761042259244,23.4656182212581,24.6880683457228,22.5837200917732,24.3363537176724,22.2776413534663,27.4531109805074,28.7007945967422,25.8796405346821,28.1431204819277,30.0276948682386,29.3880861464674,0,0,0
Nicaragua,12.865416,-85.207229,NI,0,0,0,0,0,0,0,0,0,0,0,0,0,0,0,0,0,0,0,0,0,0,0,0,0,0,0,0,0,0
Netherlands,52.132633,5.291266,NL,47.4398813616448,50.9538991389914,49.7459200052199,49.5891836734694,48.5361529665862,48.0721966654497,50.0396222401104,49.1833511532917,48.7483405224059,48.9976899282356,49.4016974738139,49.0795310633214,48.9495241791045,48.3469189252611,48.8919133364312,48.1663517294755,47.9077612851994,46.377092267509,47.993156780942,50.6353905568706,53.6145565552699,50.5190589790395,48.689248984256,48.6591668788187,44.4693168323437,41.4662532414142,43.4539615846339,0,0,0
Norway,60.472024,8.468946,NO,15.4968424657534,16.2364966984593,24.3503251231527,26.4234655010927,26.7156251856252,23.9518247734139,20.0742672540382,25.0781429768221,26.283586464162,27.6724841249682,27.8575792253521,40.5710638297872,28.5104728749637,32.0269773706897,24.7174986652429,25.6397607918614,24.665875267666,29.336,44.4155111950364,42.6135754339119,34.3660797897754,29.3104332669323,31.8412989005369,33.8772834336561,34.5721081504702,36.1954917184265,33.4136653491436,0,0,0
Nepal,28.394857,84.124008,NP,0,0,0,0,0,0,0,0,0,0,0,0,0,0,0,0,0,0,0,0,0,0,0,0,0,0,0,0,0,0
Nauru,-0.522778,166.931503,NR,0,0,0,0,0,0,0,0,0,0,0,0,0,0,0,0,0,0,0,0,0,0,0,0,0,0,0,0,0,0
New Zealand,-40.900557,174.885971,NZ,39.7600761990139,42.6384033613445,41.9472324723247,41.6084107068172,38.2256054365733,35.9480311730927,39.2584705882353,38.5285442127966,34.8324762253109,38.3559770114943,39.280406779661,38.4156399747793,36.6816117796074,26.416875,24.1528901734104,21.5781436077058,22.1024657534247,24.9957831686134,22.6933633983125,25.6526085568327,27.4347671056858,25.7354530477759,27.4709965635739,28.7123212598425,31.6522428436615,29.09449518484,30.9189961513791,0,0,0
Oman,21.512583,55.923255,OM,35.3746761984861,27.7188757763975,42.0105302013423,53.9371946022727,60.9927516292542,44.121532051282,40.3787231352718,43.5190371229698,51.2064293981481,47.7804894762604,48.9692546583851,48.0278362341772,56.8834187082405,60.8295265630647,55.8977652616279,67.8401578758522,55.0147734541578,52.971749939069,71.638248502994,67.2898361806693,73.4583666881859,74.7401527300496,71.045389599318,74.8852024922118,69.8021157127346,74.1131303074671,74.1784426229508,0,0,0
Pakistan,30.375321,69.345116,PK,37.8953366093366,39.8013297960537,38.1604722056187,36.5755153241117,37.4587055737705,34.0060727668319,35.456497319972,36.0993405732199,35.9420494621271,34.9395473417722,37.0017708651012,37.9595671776375,43.7996803519062,52.0133721370433,51.2669161399073,52.2307142270075,48.165358544686,44.4447620675509,46.2914898705684,46.192476918837,53.2421696771441,56.0146935893815,53.3353989565217,52.374161268091,48.5918663369558,46.1361904761905,41.5256221963781,0,0,0
Panama,8.537981,-80.782127,PA,4.08959107806692,3.63185303514377,3.12299450549451,2.9915,2.81378712871287,2.69137614678899,2.66086167800453,2.52896551724138,0,0,0,0,0,0,0,0,0,0,0,0,0,0,0,0,0,0,0,0,0,0
Peru,-9.189967,-75.015152,PE,6.34570528356762,5.99716962025316,6.13234412759787,6.19678737233055,6.23193202146691,3.72474803149606,3.68815068493151,2.82076923076923,4.10197447447448,5.13685159500694,4.91427013717904,3.97861153262519,4.16613793103448,4.7096585003712,6.33816932907348,10.6793333333333,12.3295205920206,15.6849985341542,19.2859854771784,22.5404366602687,27.6252161509765,24.0340222313709,26.7841864792227,23.9776777059774,31.3302480590797,30.2108472686734,30.2545338758181,0,0,0
Philippines,12.879721,121.774017,PH,0,0,0,0,0.0213611650485437,0.0237346278317152,0.0271669877018818,0.0146037435284747,0.0244695048712131,0.0202512770951263,0.0250512365077196,0.363271940839961,4.47943103921031,6.66013909321921,6.24139544025157,8.07585147247119,7.36403615308572,9.50193669527897,9.71590121204223,9.6878431372549,8.46433289457939,9.0383497099562,8.31175562116739,6.89530981595092,6.79243175941002,5.86487727632621,6.11460214537304,0,0,0
Palau,7.51498,134.58252,PW,0,0,0,0,0,0,0,0,0,0,0,0,0,0,0,0,0,0,0,0,0,0,0,0,0,0,0,0,0,0
Papua New Guinea,-6.314993,143.95555,PG,6.9284331797235,6.89665137614679,6.89665137614679,6.9689592760181,8.04951219512195,8.95230046948357,12.0040807174888,9.47308333333333,9.96316981132076,9.02646153846154,8.71237588652482,8.78778106508876,8.2278947368421,6.75737100737101,5.15321792260692,6.01147540983607,5.87957805907173,5.16581349206349,6.11166666666667,6.00187624750499,5.77077689243028,5.90992233009709,5.31340816326531,4.97814531548757,5.18502555366269,28.3436858475894,21.1465268676278,0,0,0
Poland,51.919438,19.145136,PL,5.84780852035863,5.43120211586042,5.18059731484987,5.4308950061043,5.5401651214128,6.05917823529412,6.08793003489812,6.25868148449061,6.84316258911466,6.86687228946857,7.714452335058,8.09462772479564,8.06208994708995,8.66308733624454,9.01502219866145,9.29800796416127,9.17421312362699,9.13210198806523,9.33400882200312,9.29394402206822,9.34807993880283,9.4653205190122,10.3282835009065,10.5450987161868,10.744076433121,10.9153668915413,11.1818175752319,0,0,0
Puerto Rico,18.220833,-66.590149,PR,0,0,0,0,0,0,0,0,0,0,0,0,0,0,0,0,0,0,0,0,0,0,0,0,0,0,0,0,0,0
North Korea,40.339852,127.510093,KP,0,0,0,0,0,0,0,0,0,0,0,0,0,0,0,0,0,0,0,0,0,0,0,0,0,0,0,0,0,0
Portugal,39.399872,-8.224454,PT,0,0,0,0,0,0,0,0.388804241115256,2.86896582733813,7.16187911911268,7.5528543626338,8.41175627240143,9.5293933851547,9.97942663582287,12.1761162079511,13.1232335420803,13.7884052936311,14.8363826530612,16.6769792399718,17.1560888099467,20.1778582646251,20.5004932825346,18.6772127747822,18.4767654639175,17.3170542129327,18.7211935807422,20.1925656275636,0,0,0
Paraguay,-23.442503,-58.443832,PY,0,0,0,0,0,0,0,0,0,0,0,0,0,0,0,0,0,0,0,0,0,0,0,0,0,0,0,0,0,0
Palestinian Territories,31.952162,35.233154,PS,0,0,0,0,0,0,0,0,0,0,0,0,0,0,0,0,0,0,0,0,0,0,0,0,0,0,0,0,0,0
French Polynesia,-17.679742,-149.406843,PF,0,0,0,0,0,0,0,0,0,0,0,0,0,0,0,0,0,0,0,0,0,0,0,0,0,0,0,0,0,0
Qatar,25.354826,51.183884,QA,71.0298484848485,98.4894455852156,150.351995912807,167.417843770174,159.58784,152.36794359577,146.946169737577,144.568411311054,96.2829793368573,97.6109063180828,111.866281638288,104.842792677735,90.6253876811594,92.7468142511242,102.988574114698,77.1331419573643,80.2940929301912,81.2989343780607,75.3185732391816,78.3045933181739,85.8185177453027,101.468348791242,111.521030154182,92.6826876675603,121.882140547264,119.477911415196,112.74047021576,0,0,0
Romania,45.943161,24.96676,RO,38.2610229971616,38.2796888607951,38.5298404635289,39.6686858211493,36.9344547745243,36.4999080593059,35.8800935861234,32.1856683124669,34.5300865278197,36.7815111111111,35.2507290729073,32.0760216767612,33.3513238593867,33.8650873318611,33.0003463248217,33.282780503079,32.8673499090358,30.3086447532144,29.2520376010923,30.0938102334824,31.8816077419355,30.296976771888,30.2001431542885,31.2924802110818,29.9840540540541,28.0180932784636,28.9999184706213,0,0,0
Russia,61.52401,105.318756,RU,53.9220266805859,54.8090997095385,41.6048516776951,44.7578546374719,46.531000824617,46.3414225190108,47.5146055735867,50.0040081706445,50.2082048769484,49.476484084744,49.0521258811682,49.9863176185652,50.0000312391065,51.5486455041749,51.7539592078846,52.3146050886762,51.6674117188335,52.6800467480569,52.0036857309347,53.6741161874569,55.486549116956,54.5769060284755,53.1915854960825,54.4633112892698,54.9351680295732,53.5628314061366,55.5477801946567,0,0,0
Rwanda,-1.940278,29.873888,RW,0,0,0,0,0,0,0,0,0,0.7334,0.705192307692308,0,0,0,0,0,0,0,0,0,0,0.564153846153846,0.509305555555556,0.470128205128205,0.905432098765432,1.18290322580645,5.23857142857143,0,0,0
Saudi Arabia,23.885942,45.079162,SA,54.6248344251457,59.796800814533,56.9907168296965,58.1054386305223,56.9600964395082,34.1538839928058,33.8691131616045,38.4068473456474,36.4440054685126,35.1642988103867,36.1192146189736,32.7109380530974,35.598380352928,35.2314695624034,40.5637180925189,41.220369938829,41.1483523679001,32.6793822116076,32.7683442339891,29.9504241423317,31.2341606902989,30.5978135196093,31.0406391815857,30.7029925107133,29.6674447197332,35.7596868874078,38.2540670690089,0,0,0
Sudan,12.862807,30.217636,SD,0,0,0,0,0,0,0,0,0,0,0,0,0,0,0,0,0,0,0,0,0,0,0,0,0,0,0,0,0,0
Senegal,14.497401,-14.452362,SN,0.472145922746781,0.314763948497854,0.142684824902724,1.02676,1.40498084291188,3.32155797101449,2.87853242320819,1.37084112149533,1.12047222222222,0.27780303030303,0,0,0.160131004366812,0.490022271714922,0.476233766233766,0.452716049382716,0.395008976660682,0.354870967741935,0.34378125,0.496285714285714,0.678108108108108,0.48441215323646,0.737332439678284,1.05294631710362,0.855775962660444,0.513696120689655,0.443588709677419,0,0,0
Singapore,1.352083,103.819836,SG,0,0,2.84881914232443,7.30063687449826,8.28906472986748,8.70535236625514,7.57135223281485,7.53823797468354,8.58110818636483,6.90124252664414,6.36428604978863,9.68150461320085,16.0525429054871,26.8740633176347,30.5614184755174,34.5731517615176,37.0152919020716,38.4800365630713,39.2565616866216,39.2670254957507,38.9613345908984,37.2761157024793,41.4205653467613,46.338456284153,47.3757264957265,47.0584901098901,43.0014536395147,0,0,0
Solomon Islands,-9.64571,160.156194,SB,0,0,0,0,0,0,0,0,0,0,0,0,0,0,0,0,0,0,0,0,0,0,0,0,0,0,0,0,0,0
Sierra Leone,8.460555,-11.779889,SL,0,0,0,0,0,0,0,0,0,0,0,0,0,0,0,0,0,0,0,0,0,0,0,0,0,0,0,0,0,0
El Salvador,13.794185,-88.89653,SV,0,0,0,0,0,0,0,0,0,0,0,0,0,0,0,0,0,0,0,0,0,0,0,0,0,0,0,0,0,0
San Marino,43.94236,12.457777,SM,0,0,0,0,0,0,0,0,0,0,0,0,0,0,0,0,0,0,0,0,0,0,0,0,0,0,0,0,0,0
Somalia,5.152149,46.199616,SO,0,0,0,0,0,0,0,0,0,0,0,0,0,0,0,0,0,0,0,0,0,0,0,0,0,0,0,0,0,0
Serbia,44.016521,21.005859,RS,0,0,0,0,0,0,0,0,0,0,0,0,0,0,0,0,8.48539434523809,8.7595131228604,8.92648490749757,6.78554705757383,9.10069867123875,8.57389490257823,8.45548074807481,9.26483640303359,9.51791064049587,8.87517936226749,9.36575908304498,0,0,0
SÃ£o TomÃ© and PrÃ­ncipe,0.18636,6.613081,ST,0,0,0,0,0,0,0,0,0,0,0,0,0,0,0,0,0,0,0,0,0,0,0,0,0,0,0,0,0,0
Suriname,3.919305,-56.027783,SR,0,0,0,0,0,0,0,0,0,0,0,0.4825,0.654821428571429,0.596260162601626,0.527625899280575,0.43396449704142,0.479346405228758,0.520141843971631,0.502328767123288,0.505793103448276,0.421494252873563,0.376102564102564,0.300573770491803,0.320262008733624,0.27780303030303,0.266690909090909,0.317489177489177,0,0,0
Slovakia,48.669026,19.699024,SK,0,0,24.7303752711497,25.4753903429603,25.8448752997602,28.2056950672646,29.8612236186863,30.2330139578898,31.3643647342995,32.3229906542056,34.7531809824008,36.6224753758424,35.2929490546219,33.8676238914971,33.6337553418803,34.985007788162,32.517035374868,31.3202391187534,31.9390256410256,29.940664893617,32.3461466854725,31.1152417228245,30.8811924621563,31.6938342440802,28.3725845648604,28.8947674796748,28.3232095238095,0,0,0
Slovenia,46.151241,14.995463,SI,0,0,10.9752766952455,10.3844247787611,10.5887656135195,11.8094125777471,10.9122629169392,11.5628226319135,12.1129290322581,13.1087256874581,13.0135625859697,12.6604486345904,12.0973195876289,13.4599351491569,13.094761298536,13.3512868801004,12.635524218271,12.8457484662577,11.5766705002875,12.2548164842241,12.5016635041113,10.7468976478067,10.7326829268293,10.850301369863,10.8868413059985,11.5550873196659,11.5827709978464,0,0,0
Sweden,60.128161,18.643501,SE,2.47445173383318,2.6028668879056,2.8108281938326,3.07584144399221,2.95290989912806,2.96609479649665,2.90940298507463,3.18897350993378,3.10400616860864,3.16948664222106,3.33801614114114,3.82066476190476,3.7742539800074,3.68692934782609,3.77716738197425,3.84154949213304,4.13193660531697,4.42622613491727,4.10004767063922,5.8152052238806,6.97895699148141,5.95404350751289,5.47222538552788,5.39876448828607,4.6517442455243,4.22827551020408,4.83072183552462,0,0,0
Swaziland,-26.522503,31.465866,SZ,0,0,0,0,0,0,0,0,0,0,0,0,0,0,0,0,0,0,0,0,0,0,0,0,0,0,0,0,0,0
Seychelles,-4.679574,55.491977,SC,0,0,0,0,0,0,0,0,0,0,0,0,0,0,0,0,0,0,0,0,0,0,0,0,0,0,0,0,0,0
Syria,34.802075,38.996815,SY,10.60292526209,11.3972781065089,12.052050955414,12.1835955786736,12.7447804265997,15.205696052241,14.8234066829666,22.7817927321669,27.3399800249688,28.5387449083503,28.6458284846952,25.1185060532688,30.0590950226244,30.0697469252602,29.4968621307073,20.3663597122302,19.8777205507394,18.5238989053445,17.4992491414299,23.2813590263692,29.9379530988275,26.9516630901288,26.0333876929767,32.2258794628235,33.5949759881788,30.6428264208909,26.3037263794407,0,0,0
Turks and Caicos Islands,21.694025,-71.797928,TC,0,0,0,0,0,0,0,0,0,0,0,0,0,0,0,0,0,0,0,0,0,0,0,0,0,0,0,0,0,0
Chad,15.454166,18.732207,TD,0,0,0,0,0,0,0,0,0,0,0,0,0,0,0,0,0,0,0,0,0,0,0,0,0,0,0,0,0,0
Togo,8.619543,0.824782,TG,0,0,0,0,0,0,0,0,0,0,0,0,0,0,0,0,0,0,0,0,0,0.584382470119522,1.47995515695067,2.30497142857143,4.6125786163522,4.02967032967033,0.637739130434783,0,0,0
Thailand,15.870032,100.992541,TH,12.567011065944,14.1543872222791,13.7887937453462,13.6844052105522,13.7882645720159,12.603239209098,12.7444040555332,15.6140548797737,18.4115479478451,19.0480904615385,21.7448559519431,26.4455939009486,26.5782779935452,25.8121446161907,23.9766060054595,25.0264138633103,25.2128318584071,25.7957867499442,26.4291905742193,32.406470402169,34.4123785665761,30.0712130253175,31.9798710675606,33.0303844395336,33.5042956004021,32.8647278394405,32.451937327401,0,0,0
Tajikistan,38.861034,71.276093,TJ,0,0,42.0246805736636,52.5176937984496,49.1353795379538,66.7656972111554,95.9313392857143,57.415577689243,53.410652173913,57.748031496063,65.3392727272727,65.4943255813953,45.9666197183099,48.4990322580645,47.6141472868217,50.140612244898,46.1465168539326,38.1368,32.6762376237624,18.5651464435146,15.1528925619835,14.5813779527559,9.07551839464883,0.232088607594937,0.16407158836689,0.154075630252101,0.123053691275168,0,0,0
Turkmenistan,38.969719,59.556278,TM,0,0,44.930537366548,67.3637401426962,74.1209248554913,76.7843254561771,69.9064331424722,70.743460253841,65.5480745341615,68.5935057310596,67.7574029850746,68.5649094250459,66.3753645702831,66.1975658635443,66.0169649722341,67.5013110008271,68.4585320731953,70.9649323843416,70.547016710642,68.528791186979,69.2421147140865,68.9622693581454,68.0303167420814,68.3193803481853,67.6144351705281,67.8405174805771,67.8970355456817,0,0,0
Timor-Leste,-8.874217,125.727539,TL,0,0,0,0,0,0,0,0,0,0,0,0,0,0,0,0,0,0,0,0,0,0,0,0,0,0,0,0,0,0
Tonga,-21.178986,-175.198242,TO,0,0,0,0,0,0,0,0,0,0,0,0,0,0,0,0,0,0,0,0,0,0,0,0,0,0,0,0,0,0
Trinidad and Tobago,10.691803,-61.222503,TT,76.2507299787385,83.4947692307692,93.196512992456,88.4255733761026,89.9288095238095,87.5788829787234,99.3122857142857,100.369811183733,115.159404255319,128.667572132301,136.618732590529,146.228457550227,154.096404494382,179.352682767624,186.082454602379,171.195022877478,171.401719171917,180.974009968283,183.211229895932,193.757087667162,185.862754199823,178.890776196636,183.59866636528,180.833273207215,188.402162408759,191.956928504233,207.367542512342,0,0,0
Tunisia,33.886917,9.537499,TN,18.18832,13.0201386962552,17.0305335968379,15.0719915254237,20.5924624624625,22.0364319248826,22.6895625,23.6600165016502,25.4286680761099,25.3584879032258,25.5095652173913,27.3373579676674,27.2367142199724,28.5714128943759,28.5585895751205,29.0158902333621,28.6717656834233,32.8564396411093,35.3830738200887,36.3776923076923,42.4431195335277,43.841465785381,45.6038455772114,45.3272431826672,41.8595109261186,39.0306235254466,41.1984097964815,0,0,0
Turkey,38.963745,35.243322,TR,4.69635181726763,5.55582881379502,5.83225055062404,6.23929576559789,6.72747872409537,7.87622607868775,8.62916581288757,9.86883103466088,10.5687536755223,12.576971535231,13.3614767796141,15.4852785923754,16.2153570055737,18.5190527468516,19.0778695458593,22.2117122675631,22.7837427706921,24.113345329965,24.0780940111421,23.0100013897092,24.2010645530425,26.5191549162785,25.9493100827049,27.033709023478,27.0320681658055,25.6551284166216,23.3936567980993,0,0,0
Tuvalu,-7.109535,177.64933,TV,0,0,0,0,0,0,0,0,0,0,0,0,0,0,0,0,0,0,0,0,0,0,0,0,0,0,0,0,0,0
Tanzania,-6.369028,34.888822,TZ,0,0,0,0,0,0,0,0,0,0,0,0,0,0,4.81743137254902,11.943573943662,15.6119801980198,17.2491708967851,17.2529344262295,20.9631197301855,21.3333429811867,19.9527941176471,18.8365653495441,17.3003700277521,16.2483675373134,14.3354918733961,14.5739743589744,0,0,0
Uganda,1.373333,32.290275,UG,0,0,0,0,0,0,0,0,0,0,0,0,0,0,0,0,0,0,0,0,0,0,0,0,0,0,0,0,0,0
Ukraine,48.379433,31.16558,UA,0,0,34.0223626966449,36.8939916286149,39.4083183775591,39.2858086412023,49.2948799514605,46.2829581111957,44.0552187267613,48.3463958394662,47.9578196247226,47.4641936449842,43.0740389550569,44.7728673954517,49.3494100410236,50.7168406621306,42.6797351886575,40.2319734734414,40.146792553015,37.0508133497166,46.9608980924813,37.8469786963883,35.541956796134,33.6432915115413,32.2376848617482,31.2733410174464,29.1373898136646,0,0,0
Uruguay,-32.522779,-55.765835,UY,0,0,0,0,0,0,0,0,0.0634429065743945,0.594941002949853,1.14173992673993,1.18529292929293,0.890441501103753,2.45011135857461,3.55954212454212,3.38909426987061,3.35996840442338,3.32223931623932,2.22385806451613,1.5777183833116,2.39406050955414,1.92746386333771,1.24815727699531,1.34523097826087,1.41038461538462,1.44676783004552,1.62852986217458,0,0,0
United States,37.09024,-95.712891,US,20.7220364954314,21.8453927443122,21.9457198680382,22.0244404691672,22.1509140724942,22.6688963311163,21.8135799557458,20.928045598496,20.4322089004955,21.4033501417037,21.7288609014942,20.5156188546332,21.9103866174725,21.0259829352802,20.3606874876961,20.2046598379453,20.3556624851058,21.6836631552174,22.3024739275327,23.7999817232123,23.643710528902,25.2134698478374,27.5773369614622,27.3544006090972,28.2288097393867,29.785640394237,30.6538468776592,0,0,0
Uzbekistan,41.377491,64.585262,UZ,0,0,68.0180339612629,71.7570063302268,72.9841466828403,81.5032996983252,83.7518630278064,83.8735459624175,83.0322553415985,84.4041691317209,78.4326370285151,78.962693498452,81.4554198899434,84.8421866283493,82.2515679815532,83.2093754899399,80.3834790453539,83.3169666244191,82.6521723027375,75.376153375306,69.5730670691906,76.1436244401791,88.3487024889927,76.062779103686,83.2441352812826,84.7205939131291,69.8762477876106,0,0,0
Saint Vincent and the Grenadines,12.984305,-61.287228,VC,0,0,0,0,0,0,0,0,0,0,0,0,0,0,0,0,0,0,0,0,0,0,0,0,0,0,0,0,0,0
Venezuela,6.42375,-66.58973,VE,41.0972837470908,42.1065719308526,18.4767789976134,36.1972253495551,45.3912979244086,48.924691294681,49.1253923294802,48.3483954976826,60.6278071234531,61.07735409476,39.7424324726542,44.373130599461,38.2997218024454,37.5568776249095,35.8299348465742,33.0511734467221,37.9005697511508,37.9997015316141,34.2139690500948,33.1356499725493,34.5583728121354,28.15647490892,27.0663796009351,25.8690750213129,24.7860775152641,26.7264153439153,30.110310378872,0,0,0
British Virgin Islands,18.420695,-64.639968,VG,0,0,0,0,0,0,0,0,0,0,0,0,0,0,0,0,0,0,0,0,0,0,0,0,0,0,0,0,0,0
U.S. Virgin Islands,18.335765,-64.896335,VI,0,0,0,0,0,0,0,0,0,0,0,0,0,0,0,0,0,0,0,0,0,0,0,0,0,0,0,0,0,0
Vietnam,14.058324,108.277199,VN,0.0398370450841934,0.0200273074822501,0,0,0,1.4029419525066,1.83510974539069,2.84114848031888,4.23335413416537,4.78163161390303,6.09344464321209,4.59030758226037,6.19096710923355,7.39541158103889,10.3810052095667,10.2153281182095,11.7178571428571,11.8521560068324,11.8284288386329,11.6813938657759,12.0875548715203,10.9330834787277,12.2034134582739,12.1946904901386,11.6366771476032,9.78976816443595,9.10566534149283,0,0,0
Vanuatu,-15.376706,166.959158,VU,0,0,0,0,0,0,0,0,0,0,0,0,0,0,0,0,0,0,0,0,0,0,0,0,0,0,0,0,0,0
Samoa,-13.759029,-172.104629,WS,0,0,0,0,0,0,0,0,0,0,0,0,0,0,0,0,0,0,0,0,0,0,0,0,0,0,0,0,0,0
Yemen,15.552727,48.516388,YE,0,0,0,0,0,0,0,0,0,0,0,0,0,0,0,0,0,0,0,2.87355555555556,8.11661942476032,6.29185596906718,7.71411585365854,7.64016318785579,6.94684387869712,13.3415833919775,9.06638786764706,0,0,0
South Africa,-30.559482,22.937506,ZA,1.39181942986352,1.44210415549045,1.47404739971527,1.59370084811103,1.55841315820801,1.48656535069458,1.29023578363384,1.09278935345424,0.896622373613032,1.24836283980321,1.12432515014224,1.29706113537118,1.24475740751916,0.699939962051485,1.67633734242177,1.6730857430357,1.61535040573295,1.99010279667423,1.90502438109527,1.74355403197861,2.08749264896145,2.15294632381697,2.17075812612782,2.14965252821205,2.02021429528104,2.34754283562418,2.38297215297051,0,0,0
Zambia,-13.133897,27.849332,ZM,0,0,0,0,0,0,0,0,0,0,0,0,0,0,0,0,0,0,0,0,0,0,0,0,0,0,0,0,0,0
Zimbabwe,-19.015438,29.154857,ZW,0,0,0,0,0,0,0,0,0,0,0,0,0,0,0,0,0,0,0,0,0,0,0,0,0,0,0,0,0,0
