Country,Lat,Long,Country Code,Series Name,1990,1991,1992,1993,1994,1995,1996,1997,1998,1999,2000,2001,2002,2003,2004,2005,2006,2007,2008,2009,2010,2011,2012,2013,2014,2015,2016,2017,2018,2019
Aruba,12.52111,-69.968338,ABW,CO2 emissions (kt),N/A,N/A,N/A,N/A,N/A,N/A,N/A,N/A,N/A,N/A,N/A,N/A,N/A,N/A,N/A,N/A,N/A,N/A,N/A,N/A,N/A,N/A,N/A,N/A,N/A,N/A,N/A,N/A,N/A,N/A
Afghanistan,33.93911,67.709953,AFG,CO2 emissions (kt),2380,2230,1390,1340,1290,1240,1180,1100,1040,810,760,730,1029.99997138977,1220.00002861023,1029.99997138977,1549.99995231628,1759.99999046326,1769.99998092651,3559.99994277954,4880.00011444092,7110.0001335144,8930.00030517578,8079.99992370605,5989.99977111816,4880.00011444092,5949.99980926514,5300.00019073486,4780.00020980835,6070.00017166138,6079.99992370605
Angola,-11.202692,17.873887,AGO,CO2 emissions (kt),6560,6670,6880,9270,11300,12720,15440,16160,16770,17610,16200,15960,15689.9995803833,16760.0002288818,17450.0007629395,15810.0004196167,16559.9994659424,16969.9993133545,19280.0006866455,21149.9996185303,22799.9992370605,23870.0008392334,23870.0008392334,26959.9990844727,29629.9991607666,31649.9996185303,29760.0002288818,24250,23959.9990844727,25209.9990844727
Albania,41.153332,20.168331,ALB,CO2 emissions (kt),5980,4060,2220,2060,2070,1930,1940,1470,1790,2970,3170,3230,3759.99999046326,4070.00017166138,4250,4030.00020980835,4010.00022888184,4139.9998664856,4079.99992370605,4219.99979019165,4449.99980926514,4849.99990463257,4360.0001335144,4440.00005722046,4820.00017166138,4619.99988555908,4480.00001907349,5139.9998664856,5110.0001335144,4829.99992370605
Andorra,42.546245,1.601554,AND,CO2 emissions (kt),410,410,410,410,410,430,450,470,490,510,520,520,529.999971389771,529.999971389771,560.000002384186,579.999983310699,550.000011920929,540.000021457672,540.000021457672,519.999980926514,519.999980926514,490.000009536743,490.000009536743,479.999989271164,460.00000834465,469.999998807907,469.999998807907,469.999998807907,490.000009536743,500
United Arab Emirates,23.424076,53.847818,ARE,CO2 emissions (kt),55210,61560,59700,63620,70780,75170,78530,81440,83450,85680,84730,97200,99150.0015258789,103819.999694824,110010.00213623,116459.999084473,121559.997558594,131830.001831055,156050.003051758,157020.004272461,162789.993286133,165600.006103516,175589.996337891,184470.001220703,184759.994506836,195240.005493164,201080.001831055,197039.993286133,177119.995117188,188860.000610352
Argentina,-38.416097,-63.616672,ARG,CO2 emissions (kt),100320,105920,107930,110260,111910,112890,122550,126120,132670,134510,132270,125260,117470.001220703,127660.003662109,141380.004882813,145990.005493164,154899.993896484,162809.997558594,167229.995727539,156570.007324219,167220.001220703,176639.999389648,177960.006713867,183250,179600.006103516,185550.003051758,183160.003662109,179320.007324219,176899.993896484,168100.006103516
Armenia,40.069099,45.038189,ARM,CO2 emissions (kt),19850,20690,10900,5040,2740,3510,2580,3340,3470,3110,3560,3600,3119.99988555908,3500,3759.99999046326,4460.00003814697,4489.99977111816,5199.99980926514,5690.00005722046,4510.00022888184,4340.00015258789,4940.00005722046,5719.99979019165,5500,5480.00001907349,5340.00015258789,5070.00017166138,5369.99988555908,5710.00003814697,6170.00007629395
American Samoa,-14.270972,-170.132217,ASM,CO2 emissions (kt),N/A,N/A,N/A,N/A,N/A,N/A,N/A,N/A,N/A,N/A,N/A,N/A,N/A,N/A,N/A,N/A,N/A,N/A,N/A,N/A,N/A,N/A,N/A,N/A,N/A,N/A,N/A,N/A,N/A,N/A
Antigua and Barbuda,17.060816,-61.796428,ATG,CO2 emissions (kt),210,220,290,250,250,270,280,290,320,330,330,350,389.999985694885,409.999996423721,400.000005960464,409.999996423721,439.999997615814,460.00000834465,479.999989271164,1389.99998569489,490.000009536743,540.000021457672,699.999988079071,469.999998807907,479.999989271164,490.000009536743,500,500,509.999990463257,519.999980926514
Australia,-25.274398,133.775136,AUS,CO2 emissions (kt),263630,264760,268400,273050,280180,290180,300810,307850,328620,333710,339450,345640,353369.995117188,352579.986572266,365809.997558594,370089.996337891,375489.990234375,385750,388940.002441406,395290.008544922,387540.008544922,386380.004882813,386970.001220703,380279.998779297,371630.004882813,377799.987792969,384989.990234375,389160.003662109,387070.007324219,386529.998779297
Austria,47.516231,14.550072,AUT,CO2 emissions (kt),58270,62420,57660,57800,58280,61180,64900,64220,64670,63050,63530,67910,69370.002746582,74459.9990844727,75800.0030517578,76239.9978637695,74099.9984741211,71239.9978637695,70730.0033569336,64419.9981689453,69959.9990844727,68269.9966430664,65110.0006103516,65750,62049.9992370605,63240.0016784668,63680.0003051758,65860.0006103516,63060.001373291,64769.9966430664
Azerbaijan,40.143105,47.576927,AZE,CO2 emissions (kt),53480,52060,63610,48050,33520,32470,27190,26490,26490,26120,27690,26400,26180.0003051758,28569.9996948242,28309.9994659424,30040.0009155273,30489.9997711182,27629.9991607666,30450.0007629395,25500,24309.9994659424,27280.0006866455,30110.0006103516,30940.0005340576,32240.0016784668,31770.0004577637,32240.0016784668,31959.9990844727,32729.9995422363,35509.9983215332
Burundi,-3.373056,29.918886,BDI,CO2 emissions (kt),170,220,180,190,190,200,210,210,220,230,260,200,209.999993443489,159.999996423721,150.000005960464,150.000005960464,180.000007152557,180.000007152557,180.000007152557,180.000007152557,300.000011920929,360.000014305115,370.000004768372,389.999985694885,379.999995231628,400.000005960464,439.999997615814,529.999971389771,689.999997615814,720.000028610229
Belgium,50.503887,4.469936,BEL,CO2 emissions (kt),109310,113960,112330,110110,114900,114570,119450,116630,119410,115510,117270,118340,110849.998474121,115500,114019.996643066,110610.000610352,108650.001525879,104589.996337891,106930.000305176,99669.9981689453,106720.001220703,96480.0033569336,95269.9966430664,96589.9963378906,90139.9993896484,95129.997253418,94220.0012207031,92720.0012207031,93660.0036621094,93010.0021362305
Benin,9.30769,2.315834,BEN,CO2 emissions (kt),330,270,280,290,280,300,970,1240,1210,1340,1420,1740,2180.0000667572,2440.00005722046,2650.00009536743,2900.00009536743,3470.00002861023,4000,4019.99998092651,4420.00007629395,4829.99992370605,4650.00009536743,4440.00005722046,4679.99982833862,5190.00005722046,5510.00022888184,6739.99977111816,6869.99988555908,7420.00007629395,7300.00019073486
Burkina Faso,12.238333,-1.561593,BFA,CO2 emissions (kt),500,510,520,530,540,570,630,690,760,890,940,970,959.999978542328,1039.99996185303,1059.99994277954,1059.99994277954,1240.00000953674,1409.9999666214,1700.00004768372,1730.00001907349,2289.99996185303,2460.00003814697,2940.00005722046,3130.00011444092,3180.0000667572,3700.00004768372,3700.00004768372,4269.99998092651,4670.00007629395,5000
Bangladesh,23.684994,90.356331,BGD,CO2 emissions (kt),11520,10830,11820,12570,13540,16550,16830,18970,19250,20110,21650,25780,27430.0003051758,28629.9991607666,30530.0006866455,32709.9990844727,35900.0015258789,37990.0016784668,41580.0018310547,44750,50580.0018310547,54419.9981689453,57990.0016784668,60599.9984741211,63830.0018310547,72190.0024414063,74379.997253418,79339.9963378906,83449.9969482422,90739.9978637695
Bulgaria,42.733883,25.48583,BGR,CO2 emissions (kt),73610,58830,55360,55930,53720,54880,55300,52990,50480,44320,43420,46190,43599.9984741211,47930.0003051758,47270.0004577637,47990.0016784668,48950.0007629395,52599.9984741211,50040.0009155273,42909.9998474121,44740.0016784668,49639.9993896484,45020.0004577637,39659.9998474121,42049.9992370605,44560.001373291,41590.0001525879,43880.0010681152,40900.0015258789,39139.9993896484
Bahrain,25.930414,50.637772,BHR,CO2 emissions (kt),10740,10350,12270,13070,13370,13540,14150,14420,15490,15450,15880,16390,17219.9993133545,17940.0005340576,17930.0003051758,20690.0005340576,22489.9997711182,23000,24760.0002288818,24719.9993133545,25969.9993133545,26020.0004577637,27170.0000762939,28850.0003814697,30280.0006866455,30579.9999237061,30299.9992370605,30520.0004577637,30809.9994659424,33259.9983215332
Bahamas,25.03428,-77.39628,BHS,CO2 emissions (kt),1960,2040,2570,2090,2070,2200,2070,1870,2360,2320,2230,2220,2400.00009536743,2380.00011444092,2250,2109.99989509583,2099.99990463257,2119.99988555908,2200.00004768372,6170.00007629395,2079.99992370605,2569.9999332428,3549.99995231628,2809.99994277954,2519.99998092651,2210.00003814697,2039.99996185303,2170.00007629395,2799.99995231628,2839.99991416931
Bosnia and Herzegovina,43.915886,17.679076,BIH,CO2 emissions (kt),23970,21440,15970,13400,3160,3370,4190,8490,10760,10520,13960,13760,14560.0004196167,14869.9998855591,15569.9996948242,16229.9995422363,17909.9998474121,18889.9993896484,20760.0002288818,20590.0001525879,20840.0001525879,23739.9997711182,21959.9990844727,21850.0003814697,19489.9997711182,19620.0008392334,22340.0001525879,22680.0003051758,22600.0003814697,21069.9996948242
Belarus,53.709807,27.953389,BLR,CO2 emissions (kt),99830,96220,87990,76420,64810,57640,58650,59170,57260,54950,52940,51880,51840.0001525879,52700.0007629395,56040.0009155273,56779.9987792969,59119.9989318848,57650.0015258789,60529.9987792969,57400.0015258789,61669.9981689453,58549.9992370605,59939.998626709,59990.0016784668,59500,54819.9996948242,55139.9993896484,56009.9983215332,58950.0007629395,57669.9981689453
Belize,17.189877,-88.49765,BLZ,CO2 emissions (kt),330,430,500,470,450,460,360,460,450,410,450,530,519.999980926514,509.999990463257,439.999997615814,469.999998807907,509.999990463257,529.999971389771,500,1460.00003814697,560.000002384186,670.000016689301,670.000016689301,460.00000834465,479.999989271164,680.000007152557,649.999976158142,639.999985694885,629.999995231628,639.999985694885
Bermuda,32.321384,-64.75737,BMU,CO2 emissions (kt),N/A,N/A,N/A,N/A,N/A,N/A,N/A,N/A,N/A,N/A,N/A,N/A,N/A,N/A,N/A,N/A,N/A,N/A,N/A,N/A,N/A,N/A,N/A,N/A,N/A,N/A,N/A,N/A,N/A,N/A
Bolivia,-16.290154,-63.588653,BOL,CO2 emissions (kt),10410,10870,11150,10200,9520,8580,8290,9120,8670,8220,8210,8050,8300.00019073486,9079.99992370605,9489.99977111816,10050.0001907349,11229.9995422363,12079.9999237061,13109.9996566772,14000,15170.0000762939,16610.0006103516,17420.0000762939,18739.9997711182,20409.9998474121,20760.0002288818,22010.0002288818,22750,23229.9995422363,22340.0001525879
Brazil,-14.235004,-51.92528,BRA,CO2 emissions (kt),197900,205480,207870,215260,222500,241280,262410,281330,290590,300960,313670,319380,317760.009765625,310809.997558594,328519.989013672,331690.002441406,335619.995117188,352559.997558594,373630.004882813,350000,397929.992675781,418309.997558594,454230.010986328,486839.996337891,511619.995117188,485339.996337891,447079.986572266,456489.990234375,433989.990234375,434299.987792969
Barbados,13.193887,-59.543198,BRB,CO2 emissions (kt),980,980,1180,1000,1030,1070,1060,1160,1270,1300,1240,1310,1370.00000476837,1379.99999523163,1360.00001430511,1419.99995708466,1470.00002861023,1480.00001907349,1779.99997138977,4619.99988555908,1549.99995231628,1759.99999046326,2119.99988555908,1440.00005722046,1269.99998092651,1269.99998092651,1289.99996185303,1179.99994754791,1240.00000953674,1250
Brunei,4.535277,114.727669,BRN,CO2 emissions (kt),3260,3380,3590,3930,4270,4600,4830,5230,4520,4430,4720,4710,4619.99988555908,5519.99998092651,5099.99990463257,4989.99977111816,7519.99998092651,7139.9998664856,7909.99984741211,7869.99988555908,7170.00007629395,7329.99992370605,7300.00019073486,7210.00003814697,7079.99992370605,6400.00009536743,6969.99979019165,7289.99996185303,7539.99996185303,6989.99977111816
Bhutan,27.514162,90.433601,BTN,CO2 emissions (kt),80,130,120,130,140,160,200,190,200,200,210,230,239.999994635582,259.999990463257,289.99999165535,319.999992847443,319.999992847443,319.999992847443,300.000011920929,319.999992847443,400.000005960464,589.999973773956,639.999985694885,670.000016689301,699.999988079071,769.999980926514,930.000007152557,970.000028610229,1049.99995231628,1049.99995231628
Botswana,-22.328474,24.684866,BWA,CO2 emissions (kt),2810,2730,3300,3250,3080,3190,2920,3070,3680,3860,4030,3870,4030.00020980835,3920.00007629395,3970.00002861023,4280.00020980835,4090.00015258789,4320.00017166138,4389.9998664856,4190.00005722046,3369.99988555908,3880.00011444092,3410.00008583069,5420.00007629395,6989.99977111816,6949.99980926514,6630.00011444092,7329.99992370605,7309.99994277954,7250
Central African Republic,6.611111,20.939444,CAF,CO2 emissions (kt),150,140,150,160,160,160,170,170,230,240,240,250,250,230.000004172325,230.000004172325,219.999998807907,230.000004172325,239.999994635582,170.000001788139,170.000001788139,170.000001788139,189.999997615814,200.000002980232,119.999997317791,129.999995231628,189.999997615814,209.999993443489,219.999998807907,230.000004172325,239.999994635582
Canada,56.130366,-106.346771,CAN,CO2 emissions (kt),419490,413300,426370,422050,436760,448050,461700,476820,484790,494280,514220,506620,524349.975585938,544539.978027344,536419.982910156,549030.029296875,540530.029296875,571630.004882813,550469.970703125,521320.007324219,537010.009765625,549289.978027344,546210.021972656,555659.973144531,561679.992675781,558700.012207031,556830.017089844,568080.017089844,580090.026855469,580210.021972656
Switzerland,46.818188,8.227512,CHE,CO2 emissions (kt),43330,45670,45700,43450,42590,43440,44010,42750,44250,44530,43710,45150,43569.9996948242,44840.0001525879,45279.9987792969,45849.9984741211,45479.9995422363,43540.0009155273,44959.9990844727,43669.9981689453,45209.9990844727,41189.998626709,42520.0004577637,43529.9987792969,39790.0009155273,39090.0001525879,39669.9981689453,38700.0007629395,37479.9995422363,37380.0010681152
Chile,-35.675147,-71.542969,CHL,CO2 emissions (kt),30520,29300,30320,32320,35640,38970,44900,51290,52010,54430,50420,48430,49119.9989318848,50200.0007629395,54970.0012207031,55970.0012207031,57150.0015258789,64569.9996948242,67989.9978637695,65449.9969482422,69750,76470.0012207031,78410.0036621094,83000,76559.9975585938,82230.0033569336,86489.9978637695,87069.9996948242,86610.0006103516,91370.002746582
China,35.86166,104.195397,CHN,CO2 emissions (kt),2173360,2302180,2418180,2645410,2767670,3088620,3070510,3134110,3236280,3153660,3346530,3529080,3810060.05859375,4415910.15625,5124819.82421875,5824629.8828125,6437470.21484375,6993180.17578125,7199600.09765625,7719069.82421875,8474919.921875,9282549.8046875,9541870.1171875,9984570.3125,10006669.921875,9861099.609375,9874660.15625,10096009.765625,10502929.6875,10707219.7265625
CÃ´te d'Ivoire,7.539989,-5.54708,CIV,CO2 emissions (kt),2710,2790,2770,2960,3090,3370,4050,4970,4990,6830,6490,6490,6840.00015258789,5309.99994277954,5469.99979019165,5880.00011444092,5699.99980926514,5659.99984741211,6469.99979019165,6030.00020980835,6349.99990463257,6119.99988555908,8039.99996185303,8689.9995803833,9199.99980926514,9810.0004196167,9590.00015258789,10560.0004196167,10189.9995803833,10829.9999237061
Cameroon,7.369722,12.354722,CMR,CO2 emissions (kt),2900,6970,6850,5770,4620,4680,4760,4860,5040,4790,5210,5160,5130.00011444092,5210.00003814697,5119.99988555908,5019.99998092651,5090.00015258789,6130.00011444092,6389.9998664856,7030.00020980835,7010.00022888184,6809.99994277954,6880.00011444092,7550.00019073486,8250,8460.00003814697,9079.99992370605,9170.00007629395,9590.00015258789,9430.00030517578
Congo [DRC],-4.038333,21.758664,COD,CO2 emissions (kt),3180,1740,1480,1900,2210,2110,2270,2270,2280,2090,1630,1570,1649.99997615814,2000,1940.00005722046,2210.00003814697,2279.99997138977,2470.00002861023,2549.99995231628,2500,2650.00009536743,3019.99998092651,2829.99992370605,3960.00003814697,5139.9998664856,3230.00001907349,2420.00007629395,2849.99990463257,3119.99988555908,3210.00003814697
Congo [Republic],-0.228021,15.827659,COG,CO2 emissions (kt),3200,3190,3130,2690,2060,2640,3170,3270,3880,3960,4350,4240,2759.99999046326,3230.00001907349,3519.99998092651,4309.99994277954,4780.00020980835,4150.00009536743,4360.0001335144,4840.00015258789,5420.00007629395,5380.00011444092,5260.00022888184,5329.99992370605,5190.00005722046,5659.99984741211,5500,5409.99984741211,6489.99977111816,7260.00022888184
Colombia,4.570868,-74.297333,COL,CO2 emissions (kt),48730,50440,52510,55880,56780,59310,58650,64190,64440,55400,58340,58940,56770.0004577637,56110.0006103516,56110.0006103516,57639.9993896484,57689.998626709,59180.0003051758,59779.9987792969,62009.9983215332,63560.001373291,69099.9984741211,69699.9969482422,76860.0006103516,79199.9969482422,80230.0033569336,82680.0003051758,74989.9978637695,78589.9963378906,81040.0009155273
Comoros,-11.875001,43.872219,COM,CO2 emissions (kt),70,70,70,70,70,80,80,80,90,100,100,110,109.999999403954,140.000000596046,150.000005960464,150.000005960464,170.000001788139,109.999999403954,109.999999403954,140.000000596046,170.000001788139,150.000005960464,159.999996423721,189.999997615814,170.000001788139,189.999997615814,219.999998807907,280.000001192093,300.000011920929,319.999992847443
Cape Verde,16.002082,-24.013197,CPV,CO2 emissions (kt),100,100,110,110,110,120,140,150,160,190,220,240,280.000001192093,310.000002384186,330.000013113022,439.999997615814,500,460.00000834465,479.999989271164,509.999990463257,540.000021457672,569.999992847443,529.999971389771,509.999990463257,500,500,550.000011920929,589.999973773956,610.000014305115,649.999976158142
Costa Rica,9.748917,-83.753428,CRI,CO2 emissions (kt),2870,3060,4150,4180,4850,4810,4530,4490,5020,5030,4950,5420,5519.99998092651,5800.00019073486,5940.00005722046,6269.99998092651,6559.99994277954,7599.99990463257,7519.99998092651,7199.99980926514,7110.0001335144,7429.99982833862,7449.99980926514,7780.00020980835,7829.99992370605,7539.99996185303,8079.99992370605,8260.00022888184,8369.99988555908,8239.99977111816
Cuba,21.521757,-77.781167,CUB,CO2 emissions (kt),35620,27420,21770,20150,21720,23180,25200,27450,27110,28000,28350,27470,26420.0000762939,25629.9991607666,25360.0006103516,26319.9996948242,26780.0006866455,27680.0003051758,26750,26979.9995422363,28110.0006103516,27590.0001525879,28690.0005340576,28870.0008392334,26690.0005340576,29209.9990844727,27170.0000762939,26239.9997711182,26709.9990844727,25909.9998474121
Cayman Islands,19.513469,-80.566956,CYM,CO2 emissions (kt),N/A,N/A,N/A,N/A,N/A,N/A,N/A,N/A,N/A,N/A,N/A,N/A,N/A,N/A,N/A,N/A,N/A,N/A,N/A,N/A,N/A,N/A,N/A,N/A,N/A,N/A,N/A,N/A,N/A,N/A
Cyprus,35.126413,33.429859,CYP,CO2 emissions (kt),4590,5110,5480,5740,5980,5850,6210,6300,6610,6870,7130,6990,7170.00007629395,7829.99992370605,7780.00020980835,7900.00009536743,8000,8310.0004196167,8489.99977111816,8279.99973297119,7900.00009536743,7630.00011444092,7099.99990463257,6429.99982833862,6809.99994277954,6849.99990463257,7219.99979019165,7360.0001335144,7199.99980926514,7190.00005722046
Czech Republic,49.817492,15.472962,CZE,CO2 emissions (kt),150200,136900,134140,130980,124710,125180,126740,124790,118920,111950,123170,122720,118529.998779297,122769.996643066,123440.002441406,119989.99786377,120599.998474121,123620.002746582,118309.997558594,111169.998168945,112250,109169.998168945,106069.999694824,101150.001525879,97510.0021362305,99139.9993896484,101730.003356934,101830.001831055,100900.001525879,96290.0009155273
Germany,51.165691,10.451526,DEU,CO2 emissions (kt),955310,932550,892820,887060,875900,874660,904340,872650,865250,833590,830280,847680,833380.004882813,836789.978027344,821070.007324219,802380.004882813,814409.973144531,783799.987792969,789690.002441406,734809.997558594,773070.007324219,746479.98046875,760130.004882813,776150.024414063,736010.009765625,742309.997558594,747150.024414063,732200.012207031,707700.012207031,657400.024414063
Djibouti,11.825138,42.590275,DJI,CO2 emissions (kt),270,290,300,300,290,320,300,330,390,390,370,380,400.000005960464,409.999996423721,400.000005960464,430.000007152557,430.000007152557,469.999998807907,469.999998807907,469.999998807907,519.999980926514,479.999989271164,500,560.000002384186,400.000005960464,460.00000834465,419.999986886978,419.999986886978,400.000005960464,419.999986886978
Dominica,15.414999,-61.370976,DMA,CO2 emissions (kt),60,60,80,80,80,100,80,100,110,110,130,150,119.999997317791,140.000000596046,159.999996423721,159.999996423721,170.000001788139,180.000007152557,180.000007152557,500,180.000007152557,180.000007152557,250,170.000001788139,180.000007152557,180.000007152557,180.000007152557,170.000001788139,170.000001788139,170.000001788139
Denmark,56.26392,9.501785,DNK,CO2 emissions (kt),52090,62800,57030,59360,63200,60000,73340,63650,59710,56730,52600,54250,53840.0001525879,59229.9995422363,53729.9995422363,50200.0007629395,58130.0010681152,53409.9998474121,50130.0010681152,47930.0003051758,48119.9989318848,43099.9984741211,38220.0012207031,39959.9990844727,35819.9996948242,33700.0007629395,35319.9996948242,33130.0010681152,33130.0010681152,29700.0007629395
Dominican Republic,18.735693,-70.162651,DOM,CO2 emissions (kt),7860,8230,9620,9520,11140,11840,12730,14500,16620,17790,18670,18980,20879.9991607666,18729.9995422363,17280.0006866455,18690.0005340576,20370.0008392334,20629.9991607666,20579.9999237061,19659.9998474121,20680.0003051758,20909.9998474121,21680.0003051758,21290.0009155273,21450.0007629395,23590.0001525879,24590.0001525879,23549.9992370605,25309.9994659424,27229.9995422363
Algeria,28.033886,1.659626,DZA,CO2 emissions (kt),62940,66430,66840,72220,73610,76440,76120,74430,74650,77510,80050,78650,82400.0015258789,88190.0024414063,89489.9978637695,94190.0024414063,99809.9975585938,102750,107750,112169.998168945,114180.000305176,120790.000915527,134929.992675781,139020.004272461,147740.005493164,156270.004272461,154910.003662109,158339.996337891,165539.993286133,171250
Ecuador,-1.831239,-78.183406,ECU,CO2 emissions (kt),15420,15740,16850,16950,18800,20920,24000,24950,24470,21610,22050,24250,24170.0000762939,24659.9998474121,26180.0003051758,28219.9993133545,30129.9991607666,30639.9993896484,31690.0005340576,34500,37250,37099.9984741211,37090.0001525879,39700.0007629395,41799.9992370605,41520.0004577637,39810.001373291,38549.9992370605,40139.9993896484,39290.0009155273
Egypt,26.820553,30.802498,EGY,CO2 emissions (kt),87750,89370,90900,92660,87900,93720,98940,106060,110980,116540,114610,126700,129440.002441406,133020.004272461,144500,162220.001220703,170750,183399.993896484,189940.002441406,197660.003662109,200309.997558594,205770.004272461,215000,213860.000610352,219119.995117188,226279.998779297,231229.995727539,242229.995727539,247910.003662109,249369.995117188
Eritrea,15.179384,39.782334,ERI,CO2 emissions (kt),N/A,N/A,440,630,730,800,870,830,610,650,640,700,680.000007152557,689.999997615814,680.000007152557,600.000023841858,519.999980926514,509.999990463257,449.999988079071,469.999998807907,500,569.999992847443,620.000004768372,639.999985694885,649.999976158142,649.999976158142,660.000026226044,720.000028610229,850.000023841858,879.999995231628
Spain,40.463667,-3.74922,ESP,CO2 emissions (kt),214950,222100,232370,218080,228450,240570,230110,248600,256220,278300,293310,294790,312750,318660.003662109,335559.997558594,350500,341779.998779297,354679.992675781,324269.989013672,287489.990234375,273250,274399.993896484,269269.989013672,242809.997558594,240960.006713867,256279.998779297,247029.998779297,263450.012207031,257040.008544922,239979.995727539
Estonia,58.595272,25.013607,EST,CO2 emissions (kt),35280,31540,23820,18340,17820,16260,17200,16770,16240,15290,14920,15380,14949.9998092651,16940.0005340576,17020.0004577637,17229.9995422363,15979.9995422363,19979.9995422363,18399.9996185303,15050.0001907349,19000,18170.0000762939,16889.9993896484,19319.9996948242,17940.0005340576,15539.999961853,15989.9997711182,16709.9990844727,15319.9996948242,10180.0003051758
Ethiopia,9.145,40.489673,ETH,CO2 emissions (kt),2310,2330,1520,1940,2260,2570,2870,3060,3230,3180,3560,4400,4570.00017166138,5019.99998092651,5329.99992370605,5050.00019073486,5400.00009536743,5960.00003814697,6489.99977111816,6530.00020980835,6469.99979019165,7539.99996185303,8479.99954223633,10079.9999237061,12340.0001525879,12890.0003433228,14970.0002670288,15819.9996948242,17239.9997711182,18360.0006103516
Finland,61.92411,25.748151,FIN,CO2 emissions (kt),54560,55130,52280,53460,59930,56090,62570,60620,57270,56510,55100,61090,63439.998626709,71709.9990844727,67680.0003051758,55459.9990844727,67019.9966430664,65099.9984741211,56659.9998474121,54180.0003051758,62529.9987792969,55119.9989318848,49409.9998474121,50189.998626709,46159.9998474121,42819.9996948242,45700.0007629395,43020.0004577637,44580.0018310547,40709.9990844727
Fiji,-16.578193,179.414413,FJI,CO2 emissions (kt),690,680,720,700,700,710,770,750,730,750,810,1040,879.999995231628,1049.99995231628,1470.00002861023,1289.99996185303,1379.99999523163,1259.99999046326,970.000028610229,970.000028610229,1159.9999666214,1110.00001430511,1029.99997138977,1129.99999523163,1289.99996185303,1379.99999523163,1519.99998092651,1649.99997615814,1629.99999523163,1629.99999523163
France,46.227638,2.213749,FRA,CO2 emissions (kt),356240,380650,368590,349420,344400,352240,367900,359070,381110,374900,373120,376730,371019.989013672,376709.991455078,377790.008544922,380660.003662109,371549.987792969,362829.986572266,357989.990234375,343730.010986328,347779.998779297,335140.014648438,338420.013427734,338559.997558594,306100.006103516,311299.987792969,313920.013427734,317829.986572266,307049.987792969,300519.989013672
Faroe Islands,61.892635,-6.911806,FRO,CO2 emissions (kt),N/A,N/A,N/A,N/A,N/A,N/A,N/A,N/A,N/A,N/A,N/A,N/A,N/A,N/A,N/A,N/A,N/A,N/A,N/A,N/A,N/A,N/A,N/A,N/A,N/A,N/A,N/A,N/A,N/A,N/A
Micronesia,7.425554,150.550812,FSM,CO2 emissions (kt),N/A,N/A,110,110,110,120,120,120,130,130,130,150,140.000000596046,159.999996423721,159.999996423721,159.999996423721,140.000000596046,140.000000596046,119.999997317791,129.999995231628,109.999999403954,119.999997317791,129.999995231628,140.000000596046,140.000000596046,150.000005960464,170.000001788139,180.000007152557,170.000001788139,180.000007152557
Gabon,-0.803689,11.609444,GAB,CO2 emissions (kt),4100,4560,4530,4650,4620,5210,5810,5560,6390,6030,6080,6230,5960.00003814697,6440.00005722046,6090.00015258789,6059.99994277954,5440.00005722046,4940.00005722046,5269.99998092651,5199.99980926514,5760.00022888184,5780.00020980835,5599.99990463257,5789.99996185303,5960.00003814697,6119.99988555908,6420.00007629395,5329.99992370605,5119.99988555908,5250
United Kingdom,55.378051,-3.435973,GBR,CO2 emissions (kt),561770,570680,557890,541380,535180,526810,545480,524190,526000,522750,530890,545260,530789.978027344,543039.978027344,543080.017089844,540919.982910156,542059.997558594,530500,515340.026855469,466489.990234375,482440.002441406,445589.996337891,467779.998779297,453760.009765625,415600.006103516,401079.986572266,380809.997558594,367000,360730.010986328,348920.013427734
Georgia,42.315407,43.356892,GEO,CO2 emissions (kt),33490,25510,20070,16090,10440,8180,6360,5520,4990,4520,4770,3520,2960.00003814697,3160.00008583069,3369.99988555908,4239.99977111816,4699.99980926514,5630.00011444092,4840.00015258789,5619.99988555908,5320.00017166138,6519.99998092651,7190.00005722046,7840.00015258789,8470.00026702881,9199.99980926514,9649.99961853027,9729.99954223633,9569.99969482422,10109.9996566772
Ghana,7.946527,-1.023194,GHA,CO2 emissions (kt),2790,2560,3080,3190,3460,3710,4090,4300,6100,6580,5740,6210,7429.99982833862,7139.9998664856,6679.99982833862,7039.99996185303,8510.00022888184,9119.99988555908,8659.99984741211,10010.0002288818,11189.9995803833,11750,14609.9996566772,15630.0001144409,15090.0001525879,15779.9997329712,16069.9996948242,17010.0002288818,18680.0003051758,20040.0009155273
Gibraltar,36.137741,-5.345374,GIB,CO2 emissions (kt),N/A,N/A,N/A,N/A,N/A,N/A,N/A,N/A,N/A,N/A,N/A,N/A,N/A,N/A,N/A,N/A,N/A,N/A,N/A,N/A,N/A,N/A,N/A,N/A,N/A,N/A,N/A,N/A,N/A,N/A
Guinea,9.945587,-9.696645,GIN,CO2 emissions (kt),1000,1020,1050,1080,1120,1160,1230,1290,1360,1430,1490,1570,1629.99999523163,1700.00004768372,1769.99998092651,1830.00004291534,1899.99997615814,1980.00001907349,2009.99999046326,2119.99988555908,2500,2619.99988555908,2480.00001907349,2180.0000667572,2240.00000953674,2539.99996185303,2819.9999332428,3339.99991416931,3750,3950.00004768372
Gambia,13.443182,-15.310139,GMB,CO2 emissions (kt),190,200,200,210,210,220,220,230,240,260,240,310,300.000011920929,300.000011920929,319.999992847443,330.000013113022,360.000014305115,409.999996423721,430.000007152557,490.000009536743,439.999997615814,449.999988079071,460.00000834465,439.999997615814,519.999980926514,529.999971389771,529.999971389771,540.000021457672,550.000011920929,579.999983310699
Guinea-Bissau,11.803749,-15.180413,GNB,CO2 emissions (kt),170,170,180,180,180,180,180,200,170,190,150,150,150.000005960464,189.999997615814,200.000002980232,209.999993443489,219.999998807907,230.000004172325,219.999998807907,230.000004172325,239.999994635582,239.999994635582,250,250,270.000010728836,280.000001192093,310.000002384186,310.000002384186,319.999992847443,330.000013113022
Equatorial Guinea,1.650801,10.267895,GNQ,CO2 emissions (kt),60,70,900,960,1030,1100,1190,1650,1970,3230,2220,3400,4630.00011444092,5010.00022888184,6199.99980926514,8319.99969482422,9369.99988555908,8539.99996185303,9779.99973297119,9710.00003814697,9949.99980926514,9989.99977111816,9819.99969482422,9180.00030517578,7909.99984741211,6570.00017166138,6659.99984741211,5800.00019073486,6429.99982833862,5349.99990463257
Greece,39.074208,21.824312,GRC,CO2 emissions (kt),75620,75820,78180,78090,79730,82830,82750,83760,87130,87400,94460,96610,96599.9984741211,100220.001220703,99839.9963378906,101949.996948242,100699.996948242,104309.997558594,100410.003662109,94739.9978637695,87580.0018310547,84550.0030517578,80089.9963378906,72480.0033569336,69550.0030517578,68010.0021362305,66849.9984741211,66800.0030517578,65019.9966430664,60000
Grenada,12.262776,-61.604171,GRD,CO2 emissions (kt),110,120,170,150,160,170,190,200,220,220,210,230,239.999994635582,250,230.000004172325,250,259.999990463257,280.000001192093,289.99999165535,810.000002384186,289.99999165535,310.000002384186,409.999996423721,319.999992847443,250,270.000010728836,280.000001192093,289.99999165535,319.999992847443,330.000013113022
Greenland,71.706936,-42.604303,GRL,CO2 emissions (kt),N/A,N/A,N/A,N/A,N/A,N/A,N/A,N/A,N/A,N/A,N/A,N/A,N/A,N/A,N/A,N/A,N/A,N/A,N/A,N/A,N/A,N/A,N/A,N/A,N/A,N/A,N/A,N/A,N/A,N/A
Guatemala,15.783471,-90.230759,GTM,CO2 emissions (kt),3930,4030,4830,5110,5430,6350,6190,6550,8290,8200,9420,9810,10470.0002670288,10539.999961853,10750,11529.9997329712,11520.0004577637,12409.9998474121,11239.9997711182,11850.0003814697,11439.9995803833,11739.9997711182,12149.9996185303,13000,13949.9998092651,16340.0001525879,17489.9997711182,16569.9996948242,18319.9996948242,19309.9994659424
Guam,13.444304,144.793731,GUM,CO2 emissions (kt),N/A,N/A,N/A,N/A,N/A,N/A,N/A,N/A,N/A,N/A,N/A,N/A,N/A,N/A,N/A,N/A,N/A,N/A,N/A,N/A,N/A,N/A,N/A,N/A,N/A,N/A,N/A,N/A,N/A,N/A
Guyana,4.860416,-58.93018,GUY,CO2 emissions (kt),1170,1140,1080,1090,1410,1530,1580,1720,1750,1740,1660,1640,1620.00000476837,1620.00000476837,1669.99995708466,1480.00001907349,1330.00004291534,1610.00001430511,1600.00002384186,1629.99999523163,1759.99999046326,1830.00004291534,2000,1980.00001907349,2059.99994277954,2079.99992370605,2480.00001907349,2470.00002861023,2589.99991416931,2849.99990463257
Hong Kong,22.396428,114.109497,HKG,CO2 emissions (kt),N/A,N/A,N/A,N/A,N/A,N/A,N/A,N/A,N/A,N/A,N/A,N/A,N/A,N/A,N/A,N/A,N/A,N/A,N/A,N/A,N/A,N/A,N/A,N/A,N/A,N/A,N/A,N/A,N/A,N/A
Honduras,15.199999,-86.241905,HND,CO2 emissions (kt),2450,2450,2730,2900,3250,3870,3900,4040,4680,4750,4990,5800,6090.00015258789,6730.00001907349,7559.99994277954,6969.99979019165,7969.99979019165,8539.99996185303,8590.00015258789,8069.99969482422,8180.00030517578,8810.0004196167,9239.99977111816,9369.99988555908,9460.00003814697,9930.00030517578,9470.00026702881,9260.00022888184,10050.0001907349,10220.0002670288
Croatia,45.1,15.2,HRV,CO2 emissions (kt),20340,14740,15040,15540,14870,15460,15260,17070,18530,18520,18040,19200,20280.0006866455,21610.0006103516,21100.0003814697,21450.0007629395,21610.0006103516,22879.9991607666,21729.9995422363,20309.9994659424,19459.9990844727,19030.0006866455,17409.9998474121,17010.0002288818,16239.9997711182,16600.0003814697,16879.9991607666,17409.9998474121,16430.0003051758,16520.0004577637
Haiti,18.971187,-72.285215,HTI,CO2 emissions (kt),1020,1000,900,690,190,900,1060,1270,1310,1380,1470,1600,1830.00004291534,1809.99994277954,1669.99995708466,1700.00004768372,1720.00002861023,2049.99995231628,2029.99997138977,1990.00000953674,2460.00003814697,2700.00004768372,2420.00007629395,2650.00009536743,3019.99998092651,3279.99997138977,3359.99989509583,3329.99992370605,3289.99996185303,3319.9999332428
Hungary,47.162494,19.503304,HUN,CO2 emissions (kt),67420,64550,58000,58380,57780,57430,58450,56990,57350,57910,54630,56280,55599.9984741211,58189.998626709,56349.9984741211,55919.9981689453,55459.9990844727,53849.9984741211,53009.9983215332,47840.0001525879,47880.0010681152,46909.9998474121,43430.0003051758,40759.9983215332,40630.0010681152,43380.0010681152,44250,46439.998626709,46400.0015258789,46380.0010681152
Indonesia,-0.789275,113.921327,IDN,CO2 emissions (kt),148530,162400,171510,185090,199180,223680,236720,261160,262700,279480,280650,302060,305640.014648438,333890.014648438,341239.990234375,342149.993896484,364470.001220703,379959.991455078,376140.014648438,391079.986572266,415519.989013672,475309.997558594,481510.009765625,447940.002441406,483910.003662109,488549.987792969,482510.009765625,517320.007324219,576989.990234375,619840.026855469
Isle of Man,54.236107,-4.548056,IMN,CO2 emissions (kt),N/A,N/A,N/A,N/A,N/A,N/A,N/A,N/A,N/A,N/A,N/A,N/A,N/A,N/A,N/A,N/A,N/A,N/A,N/A,N/A,N/A,N/A,N/A,N/A,N/A,N/A,N/A,N/A,N/A,N/A
India,20.593684,78.96288,IND,CO2 emissions (kt),563580,607230,626290,651350,685900,737860,774070,819270,836270,901330,937860,953540,985450.012207031,1011770.01953125,1085670.04394531,1136469.97070313,1215209.9609375,1336739.99023438,1424380.00488281,1564880.00488281,1659979.98046875,1756739.99023438,1909439.94140625,1972430.05371094,2147110.10742188,2158020.01953125,2195250,2320409.91210938,2451929.93164063,2456300.04882813
Ireland,53.41291,-8.24389,IRL,CO2 emissions (kt),30960,31470,31510,31650,32820,33450,34820,35970,38420,39970,42530,44820,43930.0003051758,44090.0001525879,44689.998626709,46650.0015258789,47259.9983215332,46360.0006103516,45779.9987792969,40560.001373291,40189.998626709,36680.0003051758,37130.0010681152,35709.9990844727,35529.9987792969,37060.001373291,38819.9996948242,37779.9987792969,37659.9998474121,35750
Iran,32.427908,53.688046,IRN,CO2 emissions (kt),198470,219100,233650,236730,266690,271520,279810,292400,290990,323360,340450,354070,369869.995117188,389769.989013672,417660.003662109,450790.008544922,484179.992675781,514140.014648438,523049.987792969,542289.978027344,541169.982910156,552049.987792969,559119.995117188,583700.012207031,605349.975585938,599179.992675781,607210.021972656,626419.982910156,637429.992675781,630010.009765625
Iraq,33.223191,43.679291,IRQ,CO2 emissions (kt),64210,45550,67340,89560,102120,100070,98880,118910,91780,72710,87630,97550,91160.0036621094,81279.9987792969,88110.0006103516,85129.997253418,82959.9990844727,76650.0015258789,88139.9993896484,94199.9969482422,108550.003051758,113040.000915527,129000,139100.006103516,134039.993286133,133169.998168945,142229.995727539,155080.001831055,163149.993896484,174559.997558594
Iceland,64.963051,-19.020835,ISL,CO2 emissions (kt),1950,1910,1940,1980,2090,2000,2270,2150,2150,2120,2230,2160,2240.00000953674,2230.00001907349,2319.9999332428,2289.99996185303,2329.99992370605,2380.00011444092,2180.0000667572,2109.99989509583,1960.00003814697,1889.99998569489,1860.00001430511,2029.99997138977,2049.99995231628,2059.99994277954,1629.99999523163,1669.99995708466,1700.00004768372,1639.99998569489
Israel,31.046051,34.851612,ISR,CO2 emissions (kt),33810,34520,36860,40500,43360,46780,48730,50970,51500,52980,57000,57950,61080.0018310547,62930.0003051758,63159.9998474121,61009.9983215332,64330.0018310547,66599.9984741211,66709.9990844727,65730.0033569336,70519.9966430664,69819.9996948242,76059.9975585938,67000,64720.0012207031,66139.9993896484,64980.0033569336,65610.0006103516,61080.0018310547,62650.0015258789
Italy,41.87194,12.56738,ITA,CO2 emissions (kt),405260,404070,402270,396930,392290,416420,412150,415520,426370,433010,436300,436570,443470.001220703,462200.012207031,472399.993896484,473829.986572266,466649.993896484,459369.995117188,444980.010986328,397059.997558594,405269.989013672,396690.002441406,376750,346459.991455078,327500,337859.985351563,333339.996337891,329190.002441406,324880.004882813,317239.990234375
Jamaica,18.109581,-77.297508,JAM,CO2 emissions (kt),7470,7410,8150,8320,8380,8680,9040,9200,9720,9980,10060,10080,10250,10590.0001525879,10569.9996948242,10560.0004196167,12060.0004196167,12020.0004577637,9619.99988555908,7880.00011444092,7480.00001907349,7530.00020980835,6960.00003814697,7400.00009536743,7190.00005722046,7090.00015258789,7570.00017166138,7219.99979019165,8609.99965667725,8390.00034332275
Jordan,30.585164,36.238414,JOR,CO2 emissions (kt),9930,9780,11930,12200,12990,13600,13870,14370,14620,14630,16270,16250,16870.0008392334,17309.9994659424,18579.9999237061,19870.0008392334,20170.0000762939,21090.0001525879,20010.0002288818,20659.9998474121,20200.0007629395,20760.0002288818,24120.0008392334,23799.9992370605,25549.9992370605,25309.9994659424,24819.9996948242,26149.9996185303,24780.0006866455,24629.9991607666
Japan,36.204824,138.252924,JPN,CO2 emissions (kt),1090530,1103980,1115060,1107610,1160780,1171010,1184670,1172630,1130310,1165320,1182610,1170380,1206599.97558594,1214949.95117188,1209849.97558594,1212819.94628906,1189520.01953125,1225069.94628906,1158219.97070313,1100979.98046875,1156479.98046875,1213520.01953125,1253609.98535156,1262780.02929688,1217119.99511719,1179439.94140625,1167790.0390625,1155229.98046875,1116150.02441406,1081569.94628906
Kazakhstan,48.019573,66.923684,KAZ,CO2 emissions (kt),237250,246370,253840,219240,199170,175240,153390,132240,135840,122650,120150,117440,131059.997558594,146139.999389648,158029.998779297,169210.006713867,185300.003051758,198389.999389648,242029.998779297,213610.000610352,229699.996948242,245449.996948242,244600.006103516,260010.009765625,209229.995727539,190729.995727539,202149.993896484,214580.001831055,216600.006103516,212110.000610352
Kenya,-0.023559,37.906193,KEN,CO2 emissions (kt),6140,5890,5950,5860,5870,6370,6970,6640,7160,7490,8320,7610,7420.00007629395,6530.00020980835,7440.00005722046,8319.99969482422,9300.00019073486,9369.99988555908,9909.99984741211,11710.000038147,12640.0003433228,13029.9997329712,12149.9996185303,14100.0003814697,15149.9996185303,17209.9990844727,19110.0006103516,18979.9995422363,17489.9997711182,22280.0006866455
Kyrgyzstan,41.20438,74.766098,KGZ,CO2 emissions (kt),22760,20420,13800,10110,6550,4600,5770,5690,6040,4790,4670,3970,4969.99979019165,5590.00015258789,5559.99994277954,5300.00019073486,5320.00017166138,6469.99979019165,7510.00022888184,6760.00022888184,6349.99990463257,7619.99988555908,10060.0004196167,9380.00011444092,9710.00003814697,10270.0004577637,9699.99980926514,9430.00030517578,11250,10050.0001907349
Cambodia,12.565679,104.990963,KHM,CO2 emissions (kt),1260,1300,1350,1380,1480,1470,1530,1640,1880,1910,1960,2150,2210.00003814697,2380.00011444092,2380.00011444092,2660.00008583069,2960.00003814697,3660.00008583069,4059.99994277954,4750,5139.9998664856,5360.0001335144,5670.00007629395,5739.99977111816,6949.99980926514,8430.00030517578,11069.9996948242,12689.9995803833,14579.9999237061,16180.0003051758
Kiribati,-3.370417,-168.734039,KIR,CO2 emissions (kt),20,20,20,30,30,30,30,30,30,30,30,30,39.9999991059303,39.9999991059303,50.0000007450581,70.0000002980232,70.0000002980232,59.9999986588955,59.9999986588955,59.9999986588955,50.0000007450581,50.0000007450581,59.9999986588955,59.9999986588955,59.9999986588955,59.9999986588955,70.0000002980232,90.0000035762787,90.0000035762787,90.0000035762787
Saint Kitts and Nevis,17.357822,-62.782998,KNA,CO2 emissions (kt),110,110,150,140,150,150,150,160,180,180,190,210,230.000004172325,230.000004172325,239.999994635582,219.999998807907,230.000004172325,250,250,699.999988079071,239.999994635582,280.000001192093,340.000003576279,230.000004172325,230.000004172325,239.999994635582,239.999994635582,239.999994635582,250,250
South Korea,35.907757,127.766922,KOR,CO2 emissions (kt),247680,274790,297050,327600,354280,385410,409990,431640,366570,401880,456660,471530,463000,465700.012207031,485910.003662109,481000,487850.006103516,503690.002441406,514919.982910156,526640.014648438,575219.970703125,598479.98046875,600320.007324219,599599.975585938,588090.026855469,607830.017089844,615880.004882813,626630.004882813,630640.014648438,610789.978027344
Kuwait,29.31166,47.481766,KWT,CO2 emissions (kt),29130,7820,23050,30740,36670,36250,35630,37300,42130,45740,49840,53190,55590.0001525879,58119.9989318848,61909.9998474121,69910.0036621094,72430.0003051758,70599.9984741211,75839.9963378906,77650.0015258789,80720.0012207031,83290.0009155273,85309.9975585938,87360.0006103516,85569.9996948242,89019.9966430664,91550.0030517578,90730.0033569336,91389.9993896484,92650.0015258789
Laos,19.85627,102.495496,LAO,CO2 emissions (kt),510,550,600,610,640,670,780,830,850,880,900,1000,1110.00001430511,1149.99997615814,1210.00003814697,1259.99999046326,1639.99998569489,1730.00001907349,2049.99995231628,2539.99996185303,2880.00011444092,3039.99996185303,3269.99998092651,4159.99984741211,4340.00015258789,8880.00011444092,15699.9998092651,19049.9992370605,19360.0006103516,18709.9990844727
Lebanon,33.854721,35.862285,LBN,CO2 emissions (kt),5620,7040,7020,10330,11270,13300,14120,16130,16260,17040,15670,16890,16840.0001525879,17409.9998474121,17879.9991607666,17280.0006866455,16229.9995422363,15039.999961853,18649.9996185303,21899.9996185303,20860.0006103516,21180.0003051758,23469.9993133545,23239.9997711182,25149.9996185303,27010.0002288818,27809.9994659424,29319.9996948242,27790.0009155273,27950.0007629395
Liberia,6.428055,-9.429499,LBR,CO2 emissions (kt),450,370,400,420,420,420,440,450,490,400,430,450,449.999988079071,479.999989271164,560.000002384186,670.000016689301,689.999997615814,639.999985694885,540.000021457672,540.000021457672,730.000019073486,850.000023841858,949.999988079071,920.000016689301,1220.00002861023,1259.99999046326,1409.9999666214,1279.99997138977,1129.99999523163,1179.99994754791
Libya,26.3351,17.228331,LBY,CO2 emissions (kt),28600,28820,26340,30580,38640,43480,45430,42200,41900,43220,44720,44450,45590.0001525879,48919.9981689453,48459.9990844727,52990.0016784668,52919.9981689453,49389.9993896484,53270.0004577637,56400.0015258789,59549.9992370605,41950.0007629395,57630.0010681152,58610.0006103516,58000,51330.0018310547,50950.0007629395,55159.9998474121,56619.9989318848,56799.9992370605
Saint Lucia,13.909444,-60.978893,LCA,CO2 emissions (kt),190,200,300,290,310,340,340,350,390,390,390,420,430.000007152557,449.999988079071,449.999988079071,439.999997615814,479.999989271164,479.999989271164,490.000009536743,1370.00000476837,529.999971389771,589.999973773956,750,509.999990463257,509.999990463257,500,509.999990463257,529.999971389771,529.999971389771,540.000021457672
Liechtenstein,47.166,9.555373,LIE,CO2 emissions (kt),200,210,210,220,200,200,210,220,230,230,220,210,219.999998807907,230.000004172325,230.000004172325,230.000004172325,230.000004172325,200.000002980232,219.999998807907,209.999993443489,189.999997615814,180.000007152557,189.999997615814,189.999997615814,159.999996423721,159.999996423721,150.000005960464,159.999996423721,140.000000596046,150.000005960464
Sri Lanka,7.873054,80.771797,LKA,CO2 emissions (kt),3840,3990,5250,5090,5770,5820,8360,8340,8610,9500,10930,10850,11390.0003433228,12409.9998474121,12869.9998855591,13979.9995422363,12399.9996185303,13590.0001525879,12810.0004196167,12289.999961853,13069.9996948242,15420.0000762939,16850.0003814697,14479.9995422363,17600.0003814697,20360.0006103516,21930.0003051758,23360.0006103516,21690.0005340576,23780.0006866455
Lesotho,-29.609988,28.233608,LSO,CO2 emissions (kt),340,350,350,360,360,370,370,380,390,390,390,400,409.999996423721,409.999996423721,430.000007152557,430.000007152557,430.000007152557,439.999997615814,460.00000834465,529.999971389771,550.000011920929,569.999992847443,620.000004768372,610.000014305115,610.000014305115,649.999976158142,689.999997615814,699.999988079071,730.000019073486,769.999980926514
Lithuania,55.169438,23.881275,LTU,CO2 emissions (kt),32220,34290,19980,15740,14810,13740,14230,13920,14710,12250,10510,11150,11220.0002670288,11229.9995422363,11909.9998474121,12829.9999237061,13020.0004577637,13210.000038147,13060.0004196167,11689.9995803833,12600.0003814697,11850.0003814697,11930.0003051758,11329.9999237061,10859.9996566772,11069.9996948242,11199.9998092651,11220.0002670288,11649.9996185303,11729.9995422363
Luxembourg,49.815273,6.129583,LUX,CO2 emissions (kt),11290,11750,11440,11650,10810,8660,8740,8240,7570,7920,8560,9120,9819.99969482422,10239.9997711182,11659.9998474121,11909.9998474121,11720.0002670288,11109.9996566772,11020.0004577637,10439.9995803833,11029.9997329712,10899.9996185303,10689.9995803833,10149.9996185303,9649.99961853027,9130.00011444092,8850.00038146973,9000,9319.99969482422,9489.99977111816
Latvia,56.879635,24.603189,LVA,CO2 emissions (kt),18780,17200,13970,11760,10220,9000,9010,8530,8130,7550,6930,7360,7349.99990463257,7590.00015258789,7619.99988555908,7710.00003814697,8199.99980926514,8529.99973297119,8109.99965667725,7360.0001335144,8520.00045776367,7900.00009536743,7570.00017166138,7449.99980926514,7280.00020980835,7320.00017166138,7150.00009536743,7119.99988555908,7789.99996185303,7570.00017166138
Macau,22.198745,113.543873,MAC,CO2 emissions (kt),N/A,N/A,N/A,N/A,N/A,N/A,N/A,N/A,N/A,N/A,N/A,N/A,N/A,N/A,N/A,N/A,N/A,N/A,N/A,N/A,N/A,N/A,N/A,N/A,N/A,N/A,N/A,N/A,N/A,N/A
Morocco,31.791702,-7.09262,MAR,CO2 emissions (kt),21500,23120,24880,25580,27710,28790,28480,29900,30630,32200,32880,36270,37470.0012207031,37250,40990.0016784668,43580.0018310547,45000,46349.9984741211,48630.0010681152,48750,51759.9983215332,55939.998626709,58080.0018310547,57590.0001525879,58689.998626709,60409.9998474121,60319.9996948242,63520.0004577637,64959.9990844727,71480.0033569336
Monaco,43.750298,7.412841,MCO,CO2 emissions (kt),N/A,N/A,N/A,N/A,N/A,N/A,N/A,N/A,N/A,N/A,N/A,N/A,N/A,N/A,N/A,N/A,N/A,N/A,N/A,N/A,N/A,N/A,N/A,N/A,N/A,N/A,N/A,N/A,N/A,N/A
Moldova,47.411631,28.369885,MDA,CO2 emissions (kt),30530,24600,20320,17410,14140,12140,10400,9580,8650,7350,6710,7020,7179.99982833862,7769.99998092651,7780.00020980835,8180.00030517578,7980.00001907349,8140.00034332275,8149.99961853027,7639.9998664856,8300.00019073486,8340.00015258789,8140.00034332275,7179.99982833862,7710.00003814697,8020.00045776367,8140.00034332275,8060.0004196167,8539.99996185303,8859.99965667725
Madagascar,-18.766947,46.869107,MDG,CO2 emissions (kt),890,950,960,1000,1210,1370,1310,1420,1630,1670,1650,1670,1120.00000476837,1549.99995231628,1649.99997615814,1710.00003814697,1639.99998569489,1720.00002861023,1779.99997138977,1690.00005722046,1870.00000476837,2190.00005722046,2740.00000953674,2930.0000667572,3009.99999046326,3279.99997138977,3180.0000667572,3470.00002861023,3349.99990463257,4119.99988555908
Maldives,3.202778,73.22068,MDV,CO2 emissions (kt),160,160,230,200,200,260,280,340,310,430,460,480,620.000004768372,529.999971389771,750,720.000028610229,870.000004768372,870.000004768372,870.000004768372,910.000026226044,959.999978542328,1009.99999046326,1139.99998569489,1129.99999523163,1370.00000476837,1370.00000476837,1759.99999046326,1860.00001430511,2099.99990463257,2109.99989509583
Mexico,23.634501,-102.552784,MEX,CO2 emissions (kt),269580,288000,291680,300670,326500,306840,322700,342480,365140,355180,379180,378830,386000,404690.002441406,414100.006103516,432190.002441406,448299.987792969,457119.995117188,459549.987792969,448369.995117188,462869.995117188,478399.993896484,486450.012207031,475739.990234375,462239.990234375,471630.004882813,473309.997558594,471579.986572266,452570.007324219,449269.989013672
Marshall Islands,7.131474,171.184478,MHL,CO2 emissions (kt),N/A,N/A,80,90,90,90,90,90,100,100,100,110,119.999997317791,109.999999403954,129.999995231628,140.000000596046,140.000000596046,140.000000596046,129.999995231628,140.000000596046,140.000000596046,140.000000596046,140.000000596046,140.000000596046,150.000005960464,150.000005960464,180.000007152557,180.000007152557,180.000007152557,180.000007152557
Macedonia [FYROM],41.608635,21.745275,MKD,CO2 emissions (kt),8590,8380,8540,8840,8550,8520,10060,8990,9840,9090,8760,8920,8369.99988555908,9140.00034332275,8840.00015258789,9229.99954223633,9220.00026702881,9699.99980926514,9479.99954223633,8869.99988555908,8640.00034332275,9520.00045776367,9050.00019073486,8140.00034332275,7699.99980926514,7409.99984741211,7300.00019073486,7789.99996185303,7300.00019073486,8300.00019073486
Mali,17.570692,-3.996166,MLI,CO2 emissions (kt),10,10,10,10,10,10,0,10,N/A,N/A,1410,1610,1399.99997615814,1399.99997615814,1480.00001907349,1649.99997615814,1889.99998569489,2069.9999332428,2079.99992370605,2509.99999046326,2779.99997138977,3119.99988555908,3109.99989509583,3220.00002861023,3380.00011444092,3650.00009536743,4670.00007629395,5179.99982833862,5469.99979019165,5829.99992370605
Malta,35.937496,14.375416,MLT,CO2 emissions (kt),2310,2210,2170,2810,2510,2380,2320,2470,2370,2410,2130,2490,2319.9999332428,2609.99989509583,2599.99990463257,2630.00011444092,2650.00009536743,2720.00002861023,2720.00002861023,2509.99999046326,2589.99991416931,2569.9999332428,2720.00002861023,2369.99988555908,2359.99989509583,1659.9999666214,1350.00002384186,1519.99998092651,1549.99995231628,1659.9999666214
Myanmar [Burma],21.913965,95.956223,MMR,CO2 emissions (kt),4080,4020,4280,4810,5650,6940,7310,7250,7910,8710,9440,8350,8300.00019073486,10489.9997711182,10149.9996185303,10720.0002670288,9970.00026702881,10390.0003433228,7900.00009536743,7489.99977111816,8130.00011444092,8689.9995803833,11960.000038147,13600.0003814697,17040.0009155273,19040.0009155273,21860.0006103516,32500,32939.998626709,36720.0012207031
Montenegro,42.708678,19.37439,MNE,CO2 emissions (kt),1920,1360,1480,1290,1260,1330,1550,1670,1760,1210,1520,1670,1769.99998092651,1889.99998569489,2039.99996185303,2000,2180.0000667572,2099.99990463257,2690.00005722046,1750,2579.99992370605,2539.99996185303,2329.99992370605,2269.99998092651,2220.00002861023,2359.99989509583,2150.00009536743,2269.99998092651,2500,2599.99990463257
Mongolia,46.862496,103.846656,MNG,CO2 emissions (kt),12970,14760,12860,11850,10320,10280,8690,8520,8550,8610,9000,8970,9600.00038146973,9310.0004196167,9560.0004196167,11060.0004196167,12420.0000762939,13020.0004577637,12970.0002670288,13640.0003433228,14310.0004196167,15729.9995422363,17139.9993896484,18379.9991607666,18120.0008392334,17299.9992370605,18170.0000762939,19579.9999237061,21549.9992370605,23069.9996948242
Northern Mariana Islands,17.33083,145.38469,MNP,CO2 emissions (kt),N/A,N/A,N/A,N/A,N/A,N/A,N/A,N/A,N/A,N/A,N/A,N/A,N/A,N/A,N/A,N/A,N/A,N/A,N/A,N/A,N/A,N/A,N/A,N/A,N/A,N/A,N/A,N/A,N/A,N/A
Mozambique,-18.665695,35.529562,MOZ,CO2 emissions (kt),1120,940,1100,1290,1100,1170,1160,1290,1240,1230,1430,1410,1570.00005245209,1899.99997615814,1909.9999666214,1710.00003814697,1860.00001430511,2230.00001907349,2240.00000953674,2490.00000953674,2680.0000667572,3349.99990463257,3680.0000667572,4199.99980926514,4860.0001335144,5519.99998092651,7280.00020980835,7210.00003814697,6949.99980926514,7500
Mauritania,21.00789,-10.940835,MRT,CO2 emissions (kt),940,980,1010,1050,1070,1170,1230,1230,1240,1300,1270,1400,1549.99995231628,1480.00001907349,1639.99998569489,1509.99999046326,1730.00001907349,1990.00000953674,1899.99997615814,2349.99990463257,2400.00009536743,2460.00003814697,2730.00001907349,2589.99991416931,2900.00009536743,3559.99994277954,3259.99999046326,3490.00000953674,3690.00005722046,3950.00004768372
Mauritius,-20.348404,57.552152,MUS,CO2 emissions (kt),1160,1250,1320,1470,1510,1550,1610,1620,1790,2200,2430,2570,2609.99989509583,2750,2769.99998092651,2960.00003814697,3299.99995231628,3400.00009536743,3470.00002861023,3420.00007629395,3660.00008583069,3640.00010490417,3730.00001907349,3819.9999332428,3950.00004768372,3960.00003814697,4039.99996185303,4170.00007629395,4130.00011444092,4170.00007629395
Malawi,-13.254308,34.301525,MWI,CO2 emissions (kt),550,640,630,720,740,750,740,770,750,790,710,680,680.000007152557,750,769.999980926514,759.999990463257,779.999971389771,829.999983310699,959.999978542328,980.000019073486,889.999985694885,930.000007152557,949.999988079071,980.000019073486,850.000023841858,930.000007152557,1120.00000476837,1190.00005722046,1379.99999523163,1450.00004768372
Malaysia,4.210484,101.975766,MYS,CO2 emissions (kt),54620,65100,67170,73040,79740,86310,98640,106020,105690,114450,124360,129460,136380.004882813,144490.005493164,158270.004272461,167419.998168945,174100.006103516,189940.002441406,202910.003662109,181929.992675781,200220.001220703,202740.005493164,205809.997558594,223660.003662109,236649.993896484,236539.993286133,235960.006713867,227619.995117188,244410.003662109,253270.004272461
New Caledonia,-20.904305,165.618042,NCL,CO2 emissions (kt),N/A,N/A,N/A,N/A,N/A,N/A,N/A,N/A,N/A,N/A,N/A,N/A,N/A,N/A,N/A,N/A,N/A,N/A,N/A,N/A,N/A,N/A,N/A,N/A,N/A,N/A,N/A,N/A,N/A,N/A
Niger,17.607789,8.081666,NER,CO2 emissions (kt),570,540,500,570,550,530,610,620,670,650,670,670,699.999988079071,759.999990463257,790.000021457672,759.999990463257,750,819.999992847443,860.000014305115,1080.00004291534,1370.00000476837,1409.9999666214,1889.99998569489,1970.00002861023,2150.00009536743,2109.99989509583,2109.99989509583,1909.9999666214,1950.00004768372,2150.00009536743
Nigeria,9.081999,8.675277,NGA,CO2 emissions (kt),72770,81930,91810,86240,78330,86170,100230,98650,88700,87020,97220,101950,92239.9978637695,101000,98730.0033569336,98720.0012207031,88769.9966430664,81120.002746582,86930.0003051758,76949.9969482422,90059.9975585938,95000,95339.9963378906,108129.997253418,114830.001831055,107760.00213623,110830.001831055,108500,109889.999389648,115279.998779297
Nicaragua,12.865416,-85.207229,NIC,CO2 emissions (kt),1930,1920,2240,2200,2530,2650,2820,3020,3520,3540,3770,3930,4059.99994277954,4559.99994277954,4530.00020980835,4340.00015258789,4550.00019073486,4699.99980926514,4500,4389.9998664856,4510.00022888184,4769.99998092651,4690.00005722046,4469.99979019165,4760.00022888184,5269.99998092651,5380.00011444092,5480.00001907349,5110.0001335144,5239.99977111816
Netherlands,52.132633,5.291266,NLD,CO2 emissions (kt),148380,154510,153250,158150,157260,164110,173620,166310,166730,161450,162100,167120,167429.992675781,170360.000610352,172119.995117188,167929.992675781,163699.996948242,164550.003051758,165220.001220703,160490.005493164,171110.000610352,158770.004272461,157470.001220703,157089.996337891,149789.993286133,157410.003662109,158539.993286133,155759.994506836,151360.000610352,146339.996337891
Norway,60.472024,8.468946,NOR,CO2 emissions (kt),29310,27330,30200,32430,34410,34390,34600,36540,37890,39700,34290,34720,34369.9989318848,37169.9981689453,37340.0001525879,36349.9984741211,37200.0007629395,37750,36869.9989318848,37430.0003051758,41409.9998474121,39599.9984741211,38490.0016784668,39500,39110.0006103516,39490.0016784668,38759.9983215332,37720.0012207031,37590.0001525879,35950.0007629395
Nepal,28.394857,84.124008,NPL,CO2 emissions (kt),940,1180,1230,1410,1740,1900,1960,2190,2320,3120,3220,3460,2789.99996185303,3019.99998092651,2809.99994277954,3190.00005722046,2619.99988555908,2690.00005722046,2990.00000953674,3880.00011444092,4639.9998664856,5199.99980926514,6000,6090.00015258789,7130.00011444092,7190.00005722046,10409.9998474121,12479.9995422363,15189.9995803833,13449.9998092651
Nauru,-0.522778,166.931503,NRU,CO2 emissions (kt),130,130,120,110,110,110,100,100,100,90,90,80,79.9999982118607,70.0000002980232,70.0000002980232,70.0000002980232,50.0000007450581,39.9999991059303,39.9999991059303,39.9999991059303,39.9999991059303,39.9999991059303,39.9999991059303,50.0000007450581,50.0000007450581,59.9999986588955,59.9999986588955,70.0000002980232,59.9999986588955,59.9999986588955
New Zealand,-40.900557,174.885971,NZL,CO2 emissions (kt),22310,22630,24380,23960,24230,24330,25410,27690,27180,28610,29450,31620,31540.0009155273,33400.0015258789,32840.0001525879,34229.9995422363,34270.0004577637,33270.0004577637,34169.9981689453,31170.0000762939,31049.9992370605,30290.0009155273,32110.0006103516,31889.9993896484,31969.9993133545,32279.9987792969,31190.0005340576,32930.0003051758,32360.0006103516,34009.9983215332
Oman,21.512583,55.923255,OMN,CO2 emissions (kt),11920,15720,14920,15180,16190,18870,19380,20020,19520,21980,25110,28030,29969.9993133545,31700.0007629395,31260.0002288818,31010.0002288818,39189.998626709,42259.9983215332,41310.001373291,43590.0001525879,47080.0018310547,53619.9989318848,60549.9992370605,63009.9983215332,66389.9993896484,70129.997253418,72129.997253418,71930.0003051758,75599.9984741211,76029.9987792969
Pakistan,30.375321,69.345116,PAK,CO2 emissions (kt),59030,60310,66980,73750,76250,82740,85820,89360,90190,98770,98370,99840,102330.001831055,105660.003662109,118650.001525879,121669.998168945,132479.995727539,146259.994506836,142160.003662109,145139.999389648,140619.995117188,141699.996948242,143809.997558594,146059.997558594,154240.005493164,164130.004882813,181110.000610352,198830.001831055,187309.997558594,190570.007324219
Panama,8.537981,-80.782127,PAN,CO2 emissions (kt),2690,3120,3640,3800,4040,4360,4410,4640,5720,5010,5280,6220,5409.99984741211,5530.00020980835,5610.0001335144,7119.99988555908,7489.99977111816,7480.00001907349,7300.00019073486,8699.99980926514,9189.9995803833,9989.99977111816,10460.000038147,10250,10760.0002288818,10699.9998092651,10770.0004577637,10130.0001144409,10060.0004196167,13340.0001525879
Peru,-9.189967,-75.015152,PER,CO2 emissions (kt),20880,20270,21030,21800,22540,25650,28060,27960,26970,29070,28630,26540,27729.9995422363,27159.9998474121,31239.9997711182,31290.0009155273,30840.0001525879,33810.001373291,38290.0009155273,41169.9981689453,45000,48430.0003051758,48119.9989318848,49750,53169.9981689453,54549.9992370605,56860.0006103516,54270.0004577637,54590.0001525879,56750
Philippines,12.879721,121.774017,PHL,CO2 emissions (kt),41080,40650,44020,47800,51510,61750,67220,74790,74220,71580,72100,70480,71569.9996948242,73629.997253418,75139.9993896484,76669.9981689453,69470.0012207031,73220.0012207031,75150.0015258789,76300.0030517578,81930.0003051758,82629.997253418,86180.0003051758,95500,101819.999694824,111010.00213623,121959.999084473,133500,138570.007324219,145419.998168945
Palau,7.51498,134.58252,PLW,CO2 emissions (kt),N/A,N/A,200,200,200,200,200,200,200,200,210,220,219.999998807907,219.999998807907,230.000004172325,259.999990463257,250,239.999994635582,209.999993443489,200.000002980232,209.999993443489,209.999993443489,219.999998807907,219.999998807907,219.999998807907,209.999993443489,250,259.999990463257,250,250
Papua New Guinea,-6.314993,143.95555,PNG,CO2 emissions (kt),2170,2180,2180,2210,2060,2130,2230,2400,2650,2600,2830,3390,3609.99989509583,4079.99992370605,4949.99980926514,4929.99982833862,4780.00020980835,5050.00019073486,4760.00022888184,5030.00020980835,5019.99998092651,5159.99984741211,4889.9998664856,5239.99977111816,5889.9998664856,6510.00022888184,7659.99984741211,7610.0001335144,7559.99994277954,7579.99992370605
Poland,51.919438,19.145136,POL,CO2 emissions (kt),350210,351620,343370,344020,339750,340000,355320,344630,318410,308980,295770,293630,287320.007324219,297730.010986328,301850.006103516,301350.006103516,314089.996337891,313380.004882813,308329.986572266,297260.009765625,313739.990234375,310589.996337891,303350.006103516,298299.987792969,285730.010986328,289079.986572266,299799.987792969,312859.985351563,311910.003662109,295130.004882813
Puerto Rico,18.220833,-66.590149,PRI,CO2 emissions (kt),N/A,N/A,N/A,N/A,N/A,N/A,N/A,N/A,N/A,N/A,N/A,N/A,N/A,N/A,N/A,N/A,N/A,N/A,N/A,N/A,N/A,N/A,N/A,N/A,N/A,N/A,N/A,N/A,N/A,N/A
North Korea,40.339852,127.510093,PRK,CO2 emissions (kt),123330,117340,104690,96710,88750,83420,74010,67520,60940,66580,71820,74390,71199.9969482422,72739.9978637695,74319.9996948242,77589.9963378906,78940.0024414063,65629.997253418,72830.0018310547,55360.0006103516,51619.9989318848,37099.9984741211,38479.9995422363,27629.9991607666,31229.9995422363,25100.0003814697,30000,54290.0009155273,50529.9987792969,56040.0009155273
Portugal,39.399872,-8.224454,PRT,CO2 emissions (kt),41070,42770,46770,45790,47300,50690,48740,50930,55600,62210,61660,61380,65599.9984741211,60520.0004577637,62130.0010681152,65470.0012207031,60450.0007629395,58799.9992370605,56840.0001525879,56299.9992370605,50939.998626709,49869.9989318848,48220.0012207031,46560.001373291,45930.0003051758,49849.9984741211,48759.9983215332,53330.0018310547,49500,44639.9993896484
Paraguay,-23.442503,-58.443832,PRY,CO2 emissions (kt),2070,2020,2470,2820,3340,3780,3720,4110,4270,4270,3520,3610,3779.99997138977,3940.00005722046,3970.00002861023,3700.00004768372,3950.00004768372,3720.00002861023,4320.00017166138,4570.00017166138,5039.99996185303,5219.99979019165,5179.99982833862,5300.00019073486,5630.00011444092,6369.99988555908,7179.99982833862,8060.0004196167,8470.00026702881,8210.00003814697
Palestinian Territories,31.952162,35.233154,PSE,CO2 emissions (kt),N/A,N/A,N/A,N/A,N/A,N/A,N/A,N/A,N/A,N/A,N/A,N/A,N/A,N/A,N/A,N/A,N/A,N/A,N/A,N/A,N/A,N/A,N/A,N/A,N/A,N/A,N/A,N/A,N/A,N/A
French Polynesia,-17.679742,-149.406843,PYF,CO2 emissions (kt),N/A,N/A,N/A,N/A,N/A,N/A,N/A,N/A,N/A,N/A,N/A,N/A,N/A,N/A,N/A,N/A,N/A,N/A,N/A,N/A,N/A,N/A,N/A,N/A,N/A,N/A,N/A,N/A,N/A,N/A
Qatar,25.354826,51.183884,QAT,CO2 emissions (kt),12540,14980,14680,16610,18490,19050,20940,25390,26500,29000,28660,28650,32500,34740.0016784668,37069.9996948242,38540.0009155273,43770.0004577637,49830.0018310547,53040.0009155273,54069.9996948242,60580.0018310547,68190.0024414063,75080.0018310547,76169.9981689453,81660.0036621094,84779.9987792969,86919.9981689453,87540.0009155273,86419.9981689453,91970.0012207031
Romania,45.943161,24.96676,ROU,CO2 emissions (kt),172630,142760,126190,117700,115160,120880,124210,113610,99540,84990,89020,95230,93739.9978637695,98139.9993896484,95349.9984741211,94709.9990844727,99260.0021362305,96730.0033569336,95419.9981689453,80709.9990844727,77620.002746582,84059.9975585938,81849.9984741211,72089.9963378906,71540.0009155273,73319.9996948242,71589.9963378906,74209.9990844727,75190.0024414063,73949.9969482422
Russia,61.52401,105.318756,RUS,CO2 emissions (kt),2163530,2136440,2030810,1880250,1685050,1635490,1601180,1489510,1487970,1523720,1563850,1567170,1565339.96582031,1610000,1600979.98046875,1611979.98046875,1654849.97558594,1658150.02441406,1655189.94140625,1546670.04394531,1617829.95605469,1699089.96582031,1675760.00976563,1632680.05371094,1611959.9609375,1592560.05859375,1571520.01953125,1594550.04882813,1661000,1703589.96582031
Rwanda,-1.940278,29.873888,RWA,CO2 emissions (kt),550,500,500,510,470,460,480,510,510,530,540,560,560.000002384186,550.000011920929,560.000002384186,550.000011920929,550.000011920929,579.999983310699,560.000002384186,589.999973773956,600.000023841858,680.000007152557,750,810.000002384186,860.000014305115,980.000019073486,1159.9999666214,1190.00005722046,1289.99996185303,1330.00004291534
Saudi Arabia,23.885942,45.079162,SAU,CO2 emissions (kt),171410,187930,202040,203260,206360,204830,217650,220070,233900,239520,249660,254090,272250,284829.986572266,299890.014648438,315290.008544922,335440.002441406,354619.995117188,389720.001220703,406529.998779297,446130.004882813,463769.989013672,492470.001220703,503209.991455078,540520.01953125,565190.002441406,561229.98046875,545070.007324219,521260.009765625,523780.029296875
Sudan,12.862807,30.217636,SDN,CO2 emissions (kt),5370,4800,4530,3210,4700,4510,4310,5240,4770,5310,5690,6250,7710.00003814697,7929.99982833862,8829.99992370605,10500,12899.9996185303,13960.000038147,14949.9998092651,15479.9995422363,16420.0000762939,15920.0000762939,15800.0001907349,15220.0002670288,16120.0008392334,18709.9990844727,21129.9991607666,20959.9990844727,20860.0006103516,20620.0008392334
Senegal,14.497401,-14.452362,SEN,CO2 emissions (kt),2330,2330,2570,2510,2610,2760,2930,3210,3600,3960,4060,4460,4579.99992370605,4489.99977111816,5389.9998664856,5670.00007629395,5570.00017166138,6199.99980926514,6440.00005722046,6670.00007629395,7030.00020980835,7570.00017166138,7449.99980926514,8010.00022888184,8569.99969482422,9289.99996185303,10130.0001144409,9800.00019073486,10180.0003051758,10619.9998855591
Singapore,1.352083,103.819836,SGP,CO2 emissions (kt),28970,30470,31410,36160,37980,37580,38520,38160,37050,37800,42120,42030,41290.0009155273,38159.9998474121,39619.9989318848,36900.0015258789,37169.9981689453,38290.0009155273,38419.9981689453,38830.0018310547,42409.9998474121,44770.0004577637,43689.998626709,43909.9998474121,44400.0015258789,45430.0003051758,46099.9984741211,49139.9993896484,47400.0015258789,47380.0010681152
Solomon Islands,-9.64571,160.156194,SLB,CO2 emissions (kt),150,160,170,180,190,200,210,210,220,230,240,250,259.999990463257,270.000010728836,310.000002384186,340.000003576279,340.000003576279,340.000003576279,319.999992847443,330.000013113022,340.000003576279,349.999994039536,349.999994039536,389.999985694885,340.000003576279,310.000002384186,360.000014305115,349.999994039536,360.000014305115,360.000014305115
Sierra Leone,8.460555,-11.779889,SLE,CO2 emissions (kt),320,340,320,330,350,240,310,230,250,200,330,440,500,550.000011920929,529.999971389771,449.999988079071,589.999973773956,500,519.999980926514,519.999980926514,560.000002384186,740.000009536743,860.000014305115,1039.99996185303,1149.99997615814,910.000026226044,930.000007152557,939.999997615814,860.000014305115,899.999976158142
El Salvador,13.794185,-88.89653,SLV,CO2 emissions (kt),2380,3070,3350,3920,4460,4960,4390,5320,5670,5610,5630,5870,5940.00005722046,6510.00022888184,6679.99982833862,6840.00015258789,7239.99977111816,7630.00011444092,6909.99984741211,6679.99982833862,6539.99996185303,6780.00020980835,6769.99998092651,6460.00003814697,6590.00015258789,7000,7170.00007629395,6380.00011444092,6809.99994277954,7800.00019073486
San Marino,43.94236,12.457777,SMR,CO2 emissions (kt),N/A,N/A,N/A,N/A,N/A,N/A,N/A,N/A,N/A,N/A,N/A,N/A,N/A,N/A,N/A,N/A,N/A,N/A,N/A,N/A,N/A,N/A,N/A,N/A,N/A,N/A,N/A,N/A,N/A,N/A
Somalia,5.152149,46.199616,SOM,CO2 emissions (kt),730,710,680,640,630,600,570,550,520,500,490,510,569.999992847443,579.999983310699,579.999983310699,579.999983310699,579.999983310699,620.000004768372,620.000004768372,610.000014305115,629.999995231628,629.999995231628,629.999995231628,649.999976158142,649.999976158142,649.999976158142,660.000026226044,660.000026226044,660.000026226044,689.999997615814
Serbia,44.016521,21.005859,SRB,CO2 emissions (kt),61910,52200,47990,42720,38900,44550,51650,56310,56210,40010,43990,45000,48580.0018310547,52150.0015258789,56349.9984741211,50689.998626709,53009.9983215332,51459.9990844727,49830.0018310547,46869.9989318848,47099.9984741211,51229.9995422363,45790.0009155273,46470.0012207031,38959.9990844727,45389.9993896484,46619.9989318848,47340.0001525879,46130.0010681152,45950.0007629395
SÃ£o TomÃ© and PrÃ­ncipe,0.18636,6.613081,STP,CO2 emissions (kt),50,50,40,40,50,50,50,50,50,50,50,50,59.9999986588955,70.0000002980232,70.0000002980232,79.9999982118607,79.9999982118607,79.9999982118607,90.0000035762787,90.0000035762787,100.000001490116,100.000001490116,119.999997317791,119.999997317791,119.999997317791,119.999997317791,129.999995231628,140.000000596046,140.000000596046,150.000005960464
Suriname,3.919305,-56.027783,SUR,CO2 emissions (kt),1760,2050,2050,2060,2070,2090,2110,2130,2130,2150,1480,1520,1120.00000476837,1230.00001907349,1389.99998569489,1690.00005722046,1529.99997138977,1409.9999666214,1460.00003814697,1450.00004768372,1740.00000953674,1950.00004768372,2440.00005722046,2289.99996185303,2619.99988555908,2720.00002861023,2950.00004768372,2500,2210.00003814697,2650.00009536743
Slovakia,48.669026,19.699024,SVK,CO2 emissions (kt),54810,47940,46100,44320,41700,42370,42170,42270,41400,40660,38070,38580,38069.9996948242,38330.0018310547,37430.0003051758,38520.0004577637,37869.9989318848,37189.998626709,37099.9984741211,33909.9998474121,35430.0003051758,34119.9989318848,32349.9984741211,32919.9981689453,30440.0005340576,30750,31500,33580.0018310547,33000,31079.9999237061
Slovenia,46.151241,14.995463,SVN,CO2 emissions (kt),13530,12740,12830,13560,13610,14470,15290,15730,15500,14910,14540,15380,15520.0004577637,15409.9998474121,15699.9998092651,15920.0000762939,16290.0009155273,16280.0006866455,17360.0006103516,15510.0002288818,15779.9997329712,15699.9998092651,15119.9998855591,14550.0001907349,13109.9996566772,13140.0003433228,13899.9996185303,14119.9998855591,14069.9996948242,13600.0003814697
Sweden,60.128161,18.643501,SWE,CO2 emissions (kt),53350,54240,56750,56500,58490,58230,63650,57380,58360,57260,53280,52500,54020.0004577637,55200.0007629395,53590.0001525879,50209.9990844727,48900.0015258789,47139.9993896484,46150.0015258789,42880.0010681152,48130.0010681152,44580.0018310547,42139.9993896484,40540.0009155273,39080.0018310547,39189.998626709,38779.9987792969,38290.0009155273,36009.9983215332,35000
Swaziland,-26.522503,31.465866,SWZ,CO2 emissions (kt),560,560,580,590,610,630,460,590,620,680,690,610,620.000004768372,629.999995231628,629.999995231628,660.000026226044,649.999976158142,660.000026226044,629.999995231628,699.999988079071,649.999976158142,660.000026226044,680.000007152557,750,750,769.999980926514,839.999973773956,889.999985694885,910.000026226044,959.999978542328
Seychelles,-4.679574,55.491977,SYC,CO2 emissions (kt),150,170,180,190,210,200,240,280,290,310,290,320,349.999994039536,340.000003576279,379.999995231628,379.999995231628,389.999985694885,400.000005960464,419.999986886978,449.999988079071,439.999997615814,409.999996423721,430.000007152557,419.999986886978,469.999998807907,509.999990463257,579.999983310699,579.999983310699,579.999983310699,610.000014305115
Syria,34.802075,38.996815,SYR,CO2 emissions (kt),32390,35770,35150,35880,37440,38980,42020,42070,44630,43870,44400,44730,44270.0004577637,44380.0010681152,46360.0006103516,57220.0012207031,60209.9990844727,63599.9984741211,65279.9987792969,60700.0007629395,61090.0001525879,56919.9981689453,47029.9987792969,30700.0007629395,26610.0006103516,25270.0004577637,26340.0001525879,29340.0001525879,27389.9993896484,25709.9990844727
Turks and Caicos Islands,21.694025,-71.797928,TCA,CO2 emissions (kt),N/A,N/A,N/A,N/A,N/A,N/A,N/A,N/A,N/A,N/A,N/A,N/A,N/A,N/A,N/A,N/A,N/A,N/A,N/A,N/A,N/A,N/A,N/A,N/A,N/A,N/A,N/A,N/A,N/A,N/A
Chad,15.454166,18.732207,TCD,CO2 emissions (kt),390,400,410,410,430,440,450,470,470,490,290,340,400.000005960464,449.999988079071,449.999988079071,479.999989271164,509.999990463257,500,540.000021457672,790.000021457672,1240.00000953674,1100.00002384186,1860.00001430511,2190.00005722046,2259.99999046326,2390.00010490417,2210.00003814697,2150.00009536743,2190.00005722046,2250
Togo,8.619543,0.824782,TGO,CO2 emissions (kt),980,930,750,630,910,980,1360,760,1200,1710,1270,1180,1340.0000333786,1830.00004291534,1779.99997138977,1750,1570.00005245209,1500,1570.00005245209,2819.9999332428,2630.00011444092,2519.99998092651,2240.00000953674,1750,1590.0000333786,1830.00004291534,2299.99995231628,2069.9999332428,2309.99994277954,2369.99988555908
Thailand,15.870032,100.992541,THA,CO2 emissions (kt),89220,98070,107950,122720,137060,155780,174710,177940,156790,163790,164490,173160,184240.005493164,191929.992675781,210190.002441406,217770.004272461,219880.004882813,224589.996337891,227580.001831055,220259.994506836,234380.004882813,233600.006103516,250679.992675781,260700.012207031,256799.987792969,264000,261600.006103516,258820.007324219,257049.987792969,267089.996337891
Tajikistan,38.861034,71.276093,TJK,CO2 emissions (kt),11020,10170,7690,5170,3040,2510,2240,2510,2770,2540,2200,2150,2130.00011444092,2180.0000667572,2599.99990463257,2470.00002861023,2690.00005722046,3269.99998092651,3039.99996185303,2410.00008583069,2450.00004768372,2559.99994277954,3019.99998092651,3200.00004768372,4579.99992370605,4900.00009536743,6090.00015258789,7369.99988555908,8680.00030517578,9420.00007629395
Turkmenistan,38.969719,59.556278,TKM,CO2 emissions (kt),44650,37790,28100,26970,33550,33990,30610,30500,31840,37690,38510,39120,41409.9998474121,46349.9984741211,49369.9989318848,50590.0001525879,51919.9981689453,58479.9995422363,59279.9987792969,52389.9993896484,59180.0003051758,65449.9969482422,69010.0021362305,70220.0012207031,71400.0015258789,73400.0015258789,73339.9963378906,73120.002746582,73050.0030517578,72870.002746582
Timor-Leste,-8.874217,125.727539,TLS,CO2 emissions (kt),N/A,N/A,N/A,N/A,N/A,N/A,N/A,N/A,N/A,N/A,N/A,N/A,170.000001788139,170.000001788139,200.000002980232,209.999993443489,200.000002980232,200.000002980232,209.999993443489,230.000004172325,239.999994635582,250,300.000011920929,460.00000834465,529.999971389771,519.999980926514,600.000023841858,610.000014305115,610.000014305115,620.000004768372
Tonga,-21.178986,-175.198242,TON,CO2 emissions (kt),80,90,80,90,90,100,80,90,90,110,100,90,100.000001490116,119.999997317791,129.999995231628,129.999995231628,150.000005960464,129.999995231628,129.999995231628,140.000000596046,119.999997317791,109.999999403954,109.999999403954,119.999997317791,109.999999403954,119.999997317791,150.000005960464,180.000007152557,159.999996423721,159.999996423721
Trinidad and Tobago,10.691803,-61.222503,TTO,CO2 emissions (kt),13150,13050,13150,10720,8790,8620,9190,9690,9920,9900,10200,11620,12680.0003051758,15449.9998092651,16100.0003814697,17590.0001525879,20059.9994659424,20500,20020.0004577637,19040.0009155273,21459.9990844727,22260.0002288818,21520.0004577637,22209.9990844727,22040.0009155273,21329.9999237061,18309.9994659424,18250,17780.0006866455,17190.0005340576
Tunisia,33.886917,9.537499,TUN,CO2 emissions (kt),14540,15030,16110,16410,16420,16780,17320,17880,18660,19660,20700,21570,21709.9990844727,21500,22479.9995422363,22969.9993133545,23899.9996185303,24750,25250,25290.0009155273,27520.0004577637,26340.0001525879,27790.0009155273,27850.0003814697,29950.0007629395,30479.9995422363,29610.0006103516,29959.9990844727,29889.9993896484,29909.9998474121
Turkey,38.963745,35.243322,TUR,CO2 emissions (kt),139200,143800,149800,155580,153820,168150,185340,193430,193690,192650,216400,197770,208110.000610352,219160.003662109,224600.006103516,235000,261079.986572266,288970.001220703,287190.002441406,287829.986572266,297109.985351563,317720.001220703,328880.004882813,318170.013427734,340640.014648438,351589.996337891,374589.996337891,415899.993896484,411730.010986328,396839.996337891
Tuvalu,-7.109535,177.64933,TUV,CO2 emissions (kt),10,10,10,10,10,10,10,10,10,10,10,10,9.99999977648258,9.99999977648258,9.99999977648258,9.99999977648258,9.99999977648258,9.99999977648258,9.99999977648258,9.99999977648258,9.99999977648258,9.99999977648258,9.99999977648258,9.99999977648258,9.99999977648258,9.99999977648258,9.99999977648258,9.99999977648258,9.99999977648258,9.99999977648258
Tanzania,-6.369028,34.888822,TZA,CO2 emissions (kt),1890,1870,1860,1920,1910,2730,3070,2890,2690,2520,2950,3130,3569.9999332428,3759.99999046326,5079.99992370605,5659.99984741211,6050.00019073486,5909.99984741211,6079.99992370605,5929.99982833862,6909.99984741211,8189.9995803833,9869.99988555908,10810.0004196167,10710.000038147,11689.9995803833,11199.9998092651,11829.9999237061,12000,12449.9998092651
Uganda,1.373333,32.290275,UGA,CO2 emissions (kt),790,810,820,810,730,950,1050,1110,1260,1290,1300,1300,1490.00000953674,1570.00005245209,1629.99999523163,2019.99998092651,2400.00009536743,2869.99988555908,2970.00002861023,3359.99989509583,3329.99992370605,3740.00000953674,3779.99997138977,3690.00005722046,4110.0001335144,4719.99979019165,4949.99980926514,5170.00007629395,5860.0001335144,5860.0001335144
Ukraine,48.379433,31.16558,UKR,CO2 emissions (kt),688620,651930,574640,499310,415670,399250,346110,328240,309290,305730,297380,300550,303940.002441406,330230.010986328,307140.014648438,295410.003662109,303989.990234375,312140.014648438,301200.012207031,251619.995117188,268920.013427734,283339.996337891,277109.985351563,270269.989013672,237729.995727539,191070.007324219,201660.003662109,174940.002441406,185619.995117188,174729.995727539
Uruguay,-32.522779,-55.765835,URY,CO2 emissions (kt),3850,4370,4770,4490,4270,4690,5450,5560,5780,6780,5460,4950,4530.00020980835,4489.99977111816,5460.00003814697,5420.00007629395,6329.99992370605,5849.99990463257,7750,7670.00007629395,6280.00020980835,7610.0001335144,8520.00045776367,7360.0001335144,6500,6639.9998664856,6519.99998092651,6099.99990463257,6539.99996185303,6489.99977111816
United States,37.09024,-95.712891,USA,CO2 emissions (kt),4844520,4807500,4879630,4995210,5066810,5117040,5273490,5543350,5590540,5609020,5775810,5748260,5593029.78515625,5658990.234375,5738290.0390625,5753490.234375,5653080.078125,5736319.82421875,5558379.8828125,5156430.17578125,5392109.86328125,5173600.09765625,4956060.05859375,5092100.09765625,5107209.9609375,4990709.9609375,4894500,4819370.1171875,4975310.05859375,4817720.21484375
Uzbekistan,41.377491,64.585262,UZB,CO2 emissions (kt),117770,118580,113080,114590,108880,98150,99600,100730,116260,116490,123810,125700,129889.999389648,121910.003662109,124839.996337891,119190.002441406,127360.000610352,122580.001831055,128880.004882813,116529.998779297,126239.99786377,128630.004882813,113139.999389648,111860.000610352,104870.002746582,99169.9981689453,105230.003356934,109529.998779297,112470.001220703,116709.999084473
Saint Vincent and the Grenadines,12.984305,-61.287228,VCT,CO2 emissions (kt),80,90,120,130,140,150,150,160,190,190,160,200,230.000004172325,230.000004172325,250,250,250,270.000010728836,250,889.999985694885,250,270.000010728836,360.000014305115,230.000004172325,270.000010728836,250,259.999990463257,230.000004172325,250,259.999990463257
Venezuela,6.42375,-66.58973,VEN,CO2 emissions (kt),101630,100990,103110,107390,106530,114040,121840,127590,129300,125460,131520,135800,140750,135770.004272461,139610.000610352,147380.004882813,147529.998779297,142389.999389648,151110.000610352,152589.996337891,164100.006103516,160039.993286133,181130.004882813,180429.992675781,179240.005493164,163130.004882813,151070.007324219,140820.007324219,132130.004882813,112339.996337891
British Virgin Islands,18.420695,-64.639968,VGB,CO2 emissions (kt),N/A,N/A,N/A,N/A,N/A,N/A,N/A,N/A,N/A,N/A,N/A,N/A,N/A,N/A,N/A,N/A,N/A,N/A,N/A,N/A,N/A,N/A,N/A,N/A,N/A,N/A,N/A,N/A,N/A,N/A
U.S. Virgin Islands,18.335765,-64.896335,VIR,CO2 emissions (kt),N/A,N/A,N/A,N/A,N/A,N/A,N/A,N/A,N/A,N/A,N/A,N/A,N/A,N/A,N/A,N/A,N/A,N/A,N/A,N/A,N/A,N/A,N/A,N/A,N/A,N/A,N/A,N/A,N/A,N/A
Vietnam,14.058324,108.277199,VNM,CO2 emissions (kt),19330,19800,20810,24240,26680,31400,35030,40840,45470,46410,51210,56720,66500,70900.0015258789,85050.0030517578,92370.002746582,94870.002746582,105139.999389648,117589.996337891,132289.993286133,151410.003662109,155970.001220703,155520.004272461,164300.003051758,180869.995117188,220649.993896484,223720.001220703,230449.996948242,285600.006103516,336489.990234375
Vanuatu,-15.376706,166.959158,VUT,CO2 emissions (kt),70,70,60,60,60,70,90,90,80,90,90,90,79.9999982118607,90.0000035762787,70.0000002980232,70.0000002980232,70.0000002980232,109.999999403954,100.000001490116,129.999995231628,129.999995231628,129.999995231628,119.999997317791,109.999999403954,159.999996423721,140.000000596046,180.000007152557,170.000001788139,209.999993443489,209.999993443489
Samoa,-13.759029,-172.104629,WSM,CO2 emissions (kt),90,100,100,110,100,120,130,130,150,150,150,160,170.000001788139,170.000001788139,189.999997615814,209.999993443489,200.000002980232,200.000002980232,170.000001788139,180.000007152557,189.999997615814,200.000002980232,200.000002980232,200.000002980232,209.999993443489,239.999994635582,300.000011920929,310.000002384186,289.99999165535,300.000011920929
Yemen,15.552727,48.516388,YEM,CO2 emissions (kt),6640,8500,9130,8550,9340,10530,10800,11640,12460,14060,15030,16070,16090.0001525879,18700.0007629395,19629.9991607666,21110.0006103516,21920.0000762939,23270.0004577637,24219.9993133545,26569.9996948242,25430.0003051758,22950.0007629395,21010.0002288818,27829.9999237061,27430.0003051758,13550.0001907349,10850.0003814697,10010.0002288818,9720.00026702881,11100.0003814697
South Africa,-30.559482,22.937506,ZAF,CO2 emissions (kt),247660,242330,238820,246490,252140,264310,274110,289030,296490,278410,284660,320540,331320.007324219,353089.996337891,379989.990234375,377649.993896484,379790.008544922,397059.997558594,426739.990234375,404200.012207031,425309.997558594,409260.009765625,426779.998779297,436920.013427734,447929.992675781,424809.997558594,425140.014648438,435649.993896484,434350.006103516,439640.014648438
Zambia,-13.133897,27.849332,ZMB,CO2 emissions (kt),2740,2880,2850,2510,2140,2130,1760,2290,2170,1760,1810,1840,1919.99995708466,2079.99992370605,2109.99989509583,2289.99996185303,2180.0000667572,1980.00001907349,2190.00005722046,2490.00000953674,2660.00008583069,3049.99995231628,4030.00020980835,4239.99977111816,4690.00005722046,4960.00003814697,5320.00017166138,6809.99994277954,7730.00001907349,6800.00019073486
Zimbabwe,-19.015438,29.154857,ZWE,CO2 emissions (kt),16540,18300,18470,17080,15960,15480,14860,13830,14070,15820,13700,13900,12489.9997711182,10180.0003051758,9770.00045776367,10510.0002288818,9829.99992370605,9760.00022888184,7599.99990463257,7750,9600.00038146973,11409.9998474121,12010.0002288818,12279.9997329712,12079.9999237061,12430.0003051758,11020.0004577637,10340.0001525879,12380.0001144409,11760.0002288818
